position_id,symbol,direction,open_time_utc,close_time_utc,entry_price,exit_price,profit_sum,net_sum,strategy_id,account_type,sample_type,commission_sum,volume_in,volume_out,account_group,base_lot_detected,source_file,base_lot,target_lot,lot_scale_factor,scaled_profit_sum,scaled_commission_sum,scaled_net_sum,scaled_volume_in,scaled_volume_out,scaled_cumulative_net_sum
888,USOIL.cash,BUY,2024-07-02 09:15:00+00:00,2024-07-02 12:49:40+00:00,83.691,84.326,6.35,6.35,4.18.190,DEMO,OOS,0.0,0.1,0.1,DEMO_ACCOUNT,0.1,C:\Users\Leon\Desktop\QUANT\Data_Center\Data\2_Baseline\Trades\Backtest\DEMO_ACCOUNT\OOS\listOfTrades_USOIL.cash_54_4.18.190_BOTH_M15_OOS.csv,0.1,9.8,98.0,622.3,0.0,622.3,9.8,9.8,622.3
890,USOIL.cash,BUY,2024-07-03 18:00:00+00:00,2024-07-03 19:46:20+00:00,82.811,83.446,6.35,6.35,4.18.190,DEMO,OOS,0.0,0.1,0.1,DEMO_ACCOUNT,0.1,C:\Users\Leon\Desktop\QUANT\Data_Center\Data\2_Baseline\Trades\Backtest\DEMO_ACCOUNT\OOS\listOfTrades_USOIL.cash_54_4.18.190_BOTH_M15_OOS.csv,0.1,9.8,98.0,622.3,0.0,622.3,9.8,9.8,1244.6
892,USOIL.cash,BUY,2024-07-04 04:30:00+00:00,2024-07-04 20:24:40+00:00,83.702,84.337,6.35,6.35,4.18.190,DEMO,OOS,0.0,0.1,0.1,DEMO_ACCOUNT,0.1,C:\Users\Leon\Desktop\QUANT\Data_Center\Data\2_Baseline\Trades\Backtest\DEMO_ACCOUNT\OOS\listOfTrades_USOIL.cash_54_4.18.190_BOTH_M15_OOS.csv,0.1,9.8,98.0,622.3,0.0,622.3,9.8,9.8,1866.8999999999999
894,USOIL.cash,BUY,2024-07-05 05:15:00+00:00,2024-07-05 18:18:40+00:00,83.928,84.563,6.35,6.35,4.18.190,DEMO,OOS,0.0,0.1,0.1,DEMO_ACCOUNT,0.1,C:\Users\Leon\Desktop\QUANT\Data_Center\Data\2_Baseline\Trades\Backtest\DEMO_ACCOUNT\OOS\listOfTrades_USOIL.cash_54_4.18.190_BOTH_M15_OOS.csv,0.1,9.8,98.0,622.3,0.0,622.3,9.8,9.8,2489.2
896,USOIL.cash,BUY,2024-07-09 05:00:00+00:00,2024-07-09 18:28:40+00:00,82.27,81.645,-6.25,-6.25,4.18.190,DEMO,OOS,0.0,0.1,0.1,DEMO_ACCOUNT,0.1,C:\Users\Leon\Desktop\QUANT\Data_Center\Data\2_Baseline\Trades\Backtest\DEMO_ACCOUNT\OOS\listOfTrades_USOIL.cash_54_4.18.190_BOTH_M15_OOS.csv,0.1,9.8,98.0,-612.5,0.0,-612.5,9.8,9.8,1876.6999999999998
898,USOIL.cash,BUY,2024-07-10 04:30:00+00:00,2024-07-10 09:15:40+00:00,81.616,80.991,-6.25,-6.25,4.18.190,DEMO,OOS,0.0,0.1,0.1,DEMO_ACCOUNT,0.1,C:\Users\Leon\Desktop\QUANT\Data_Center\Data\2_Baseline\Trades\Backtest\DEMO_ACCOUNT\OOS\listOfTrades_USOIL.cash_54_4.18.190_BOTH_M15_OOS.csv,0.1,9.8,98.0,-612.5,0.0,-612.5,9.8,9.8,1264.1999999999998
900,USOIL.cash,BUY,2024-07-11 09:30:00+00:00,2024-07-11 14:56:40+00:00,82.772,82.147,-6.25,-6.25,4.18.190,DEMO,OOS,0.0,0.1,0.1,DEMO_ACCOUNT,0.1,C:\Users\Leon\Desktop\QUANT\Data_Center\Data\2_Baseline\Trades\Backtest\DEMO_ACCOUNT\OOS\listOfTrades_USOIL.cash_54_4.18.190_BOTH_M15_OOS.csv,0.1,9.8,98.0,-612.5,0.0,-612.5,9.8,9.8,651.6999999999998
902,USOIL.cash,BUY,2024-07-12 04:30:00+00:00,2024-07-12 10:37:40+00:00,82.872,83.507,6.35,6.35,4.18.190,DEMO,OOS,0.0,0.1,0.1,DEMO_ACCOUNT,0.1,C:\Users\Leon\Desktop\QUANT\Data_Center\Data\2_Baseline\Trades\Backtest\DEMO_ACCOUNT\OOS\listOfTrades_USOIL.cash_54_4.18.190_BOTH_M15_OOS.csv,0.1,9.8,98.0,622.3,0.0,622.3,9.8,9.8,1273.9999999999998
904,USOIL.cash,BUY,2024-07-16 05:15:00+00:00,2024-07-16 13:49:40+00:00,81.679,81.054,-6.25,-6.25,4.18.190,DEMO,OOS,0.0,0.1,0.1,DEMO_ACCOUNT,0.1,C:\Users\Leon\Desktop\QUANT\Data_Center\Data\2_Baseline\Trades\Backtest\DEMO_ACCOUNT\OOS\listOfTrades_USOIL.cash_54_4.18.190_BOTH_M15_OOS.csv,0.1,9.8,98.0,-612.5,0.0,-612.5,9.8,9.8,661.4999999999998
906,USOIL.cash,BUY,2024-07-18 17:00:00+00:00,2024-07-18 18:42:40+00:00,82.016,82.651,6.35,6.35,4.18.190,DEMO,OOS,0.0,0.1,0.1,DEMO_ACCOUNT,0.1,C:\Users\Leon\Desktop\QUANT\Data_Center\Data\2_Baseline\Trades\Backtest\DEMO_ACCOUNT\OOS\listOfTrades_USOIL.cash_54_4.18.190_BOTH_M15_OOS.csv,0.1,9.8,98.0,622.3,0.0,622.3,9.8,9.8,1283.7999999999997
908,USOIL.cash,BUY,2024-07-19 03:15:00+00:00,2024-07-19 11:46:40+00:00,81.618,82.253,6.35,6.35,4.18.190,DEMO,OOS,0.0,0.1,0.1,DEMO_ACCOUNT,0.1,C:\Users\Leon\Desktop\QUANT\Data_Center\Data\2_Baseline\Trades\Backtest\DEMO_ACCOUNT\OOS\listOfTrades_USOIL.cash_54_4.18.190_BOTH_M15_OOS.csv,0.1,9.8,98.0,622.3,0.0,622.3,9.8,9.8,1906.0999999999997
910,USOIL.cash,BUY,2024-08-02 04:00:00+00:00,2024-08-02 10:46:40+00:00,77.097,77.732,6.35,6.35,4.18.190,DEMO,OOS,0.0,0.1,0.1,DEMO_ACCOUNT,0.1,C:\Users\Leon\Desktop\QUANT\Data_Center\Data\2_Baseline\Trades\Backtest\DEMO_ACCOUNT\OOS\listOfTrades_USOIL.cash_54_4.18.190_BOTH_M15_OOS.csv,0.1,9.8,98.0,622.3,0.0,622.3,9.8,9.8,2528.3999999999996
912,USOIL.cash,BUY,2024-08-08 09:00:00+00:00,2024-08-08 17:36:40+00:00,75.468,76.103,6.35,6.35,4.18.190,DEMO,OOS,0.0,0.1,0.1,DEMO_ACCOUNT,0.1,C:\Users\Leon\Desktop\QUANT\Data_Center\Data\2_Baseline\Trades\Backtest\DEMO_ACCOUNT\OOS\listOfTrades_USOIL.cash_54_4.18.190_BOTH_M15_OOS.csv,0.1,9.8,98.0,622.3,0.0,622.3,9.8,9.8,3150.7
914,USOIL.cash,BUY,2024-08-09 04:15:00+00:00,2024-08-09 14:33:00+00:00,76.212,76.847,6.35,6.35,4.18.190,DEMO,OOS,0.0,0.1,0.1,DEMO_ACCOUNT,0.1,C:\Users\Leon\Desktop\QUANT\Data_Center\Data\2_Baseline\Trades\Backtest\DEMO_ACCOUNT\OOS\listOfTrades_USOIL.cash_54_4.18.190_BOTH_M15_OOS.csv,0.1,9.8,98.0,622.3,0.0,622.3,9.8,9.8,3773.0
916,USOIL.cash,BUY,2024-08-15 04:30:00+00:00,2024-08-15 14:22:20+00:00,77.07,77.705,6.35,6.35,4.18.190,DEMO,OOS,0.0,0.1,0.1,DEMO_ACCOUNT,0.1,C:\Users\Leon\Desktop\QUANT\Data_Center\Data\2_Baseline\Trades\Backtest\DEMO_ACCOUNT\OOS\listOfTrades_USOIL.cash_54_4.18.190_BOTH_M15_OOS.csv,0.1,9.8,98.0,622.3,0.0,622.3,9.8,9.8,4395.3
918,USOIL.cash,BUY,2024-08-16 07:15:00+00:00,2024-08-16 12:03:40+00:00,77.887,77.262,-6.25,-6.25,4.18.190,DEMO,OOS,0.0,0.1,0.1,DEMO_ACCOUNT,0.1,C:\Users\Leon\Desktop\QUANT\Data_Center\Data\2_Baseline\Trades\Backtest\DEMO_ACCOUNT\OOS\listOfTrades_USOIL.cash_54_4.18.190_BOTH_M15_OOS.csv,0.1,9.8,98.0,-612.5,0.0,-612.5,9.8,9.8,3782.8
920,USOIL.cash,BUY,2024-08-20 03:15:00+00:00,2024-08-20 08:43:20+00:00,74.642,74.017,-6.25,-6.25,4.18.190,DEMO,OOS,0.0,0.1,0.1,DEMO_ACCOUNT,0.1,C:\Users\Leon\Desktop\QUANT\Data_Center\Data\2_Baseline\Trades\Backtest\DEMO_ACCOUNT\OOS\listOfTrades_USOIL.cash_54_4.18.190_BOTH_M15_OOS.csv,0.1,9.8,98.0,-612.5,0.0,-612.5,9.8,9.8,3170.3
922,USOIL.cash,BUY,2024-08-29 01:15:00+00:00,2024-08-29 14:35:20+00:00,74.979,75.614,6.35,6.35,4.18.190,DEMO,OOS,0.0,0.1,0.1,DEMO_ACCOUNT,0.1,C:\Users\Leon\Desktop\QUANT\Data_Center\Data\2_Baseline\Trades\Backtest\DEMO_ACCOUNT\OOS\listOfTrades_USOIL.cash_54_4.18.190_BOTH_M15_OOS.csv,0.1,9.8,98.0,622.3,0.0,622.3,9.8,9.8,3792.6000000000004
924,USOIL.cash,BUY,2024-08-30 03:00:00+00:00,2024-08-30 10:09:40+00:00,76.381,77.016,6.35,6.35,4.18.190,DEMO,OOS,0.0,0.1,0.1,DEMO_ACCOUNT,0.1,C:\Users\Leon\Desktop\QUANT\Data_Center\Data\2_Baseline\Trades\Backtest\DEMO_ACCOUNT\OOS\listOfTrades_USOIL.cash_54_4.18.190_BOTH_M15_OOS.csv,0.1,9.8,98.0,622.3,0.0,622.3,9.8,9.8,4414.900000000001
926,USOIL.cash,BUY,2024-09-03 11:15:00+00:00,2024-09-03 11:53:40+00:00,73.886,74.521,6.35,6.35,4.18.190,DEMO,OOS,0.0,0.1,0.1,DEMO_ACCOUNT,0.1,C:\Users\Leon\Desktop\QUANT\Data_Center\Data\2_Baseline\Trades\Backtest\DEMO_ACCOUNT\OOS\listOfTrades_USOIL.cash_54_4.18.190_BOTH_M15_OOS.csv,0.1,9.8,98.0,622.3,0.0,622.3,9.8,9.8,5037.200000000001
928,USOIL.cash,BUY,2024-09-04 03:30:00+00:00,2024-09-04 10:20:40+00:00,70.603,69.978,-6.25,-6.25,4.18.190,DEMO,OOS,0.0,0.1,0.1,DEMO_ACCOUNT,0.1,C:\Users\Leon\Desktop\QUANT\Data_Center\Data\2_Baseline\Trades\Backtest\DEMO_ACCOUNT\OOS\listOfTrades_USOIL.cash_54_4.18.190_BOTH_M15_OOS.csv,0.1,9.8,98.0,-612.5,0.0,-612.5,9.8,9.8,4424.700000000001
930,USOIL.cash,BUY,2024-09-06 05:15:00+00:00,2024-09-06 15:30:40+00:00,69.658,70.293,6.35,6.35,4.18.190,DEMO,OOS,0.0,0.1,0.1,DEMO_ACCOUNT,0.1,C:\Users\Leon\Desktop\QUANT\Data_Center\Data\2_Baseline\Trades\Backtest\DEMO_ACCOUNT\OOS\listOfTrades_USOIL.cash_54_4.18.190_BOTH_M15_OOS.csv,0.1,9.8,98.0,622.3,0.0,622.3,9.8,9.8,5047.000000000001
932,USOIL.cash,BUY,2024-09-10 09:30:00+00:00,2024-09-10 12:05:40+00:00,68.699,68.074,-6.25,-6.25,4.18.190,DEMO,OOS,0.0,0.1,0.1,DEMO_ACCOUNT,0.1,C:\Users\Leon\Desktop\QUANT\Data_Center\Data\2_Baseline\Trades\Backtest\DEMO_ACCOUNT\OOS\listOfTrades_USOIL.cash_54_4.18.190_BOTH_M15_OOS.csv,0.1,9.8,98.0,-612.5,0.0,-612.5,9.8,9.8,4434.500000000001
934,USOIL.cash,BUY,2024-09-13 05:45:00+00:00,2024-09-13 12:49:40+00:00,69.385,70.02,6.35,6.35,4.18.190,DEMO,OOS,0.0,0.1,0.1,DEMO_ACCOUNT,0.1,C:\Users\Leon\Desktop\QUANT\Data_Center\Data\2_Baseline\Trades\Backtest\DEMO_ACCOUNT\OOS\listOfTrades_USOIL.cash_54_4.18.190_BOTH_M15_OOS.csv,0.1,9.8,98.0,622.3,0.0,622.3,9.8,9.8,5056.800000000001
936,USOIL.cash,BUY,2024-09-17 10:30:00+00:00,2024-09-17 12:32:40+00:00,70.436,69.811,-6.25,-6.25,4.18.190,DEMO,OOS,0.0,0.1,0.1,DEMO_ACCOUNT,0.1,C:\Users\Leon\Desktop\QUANT\Data_Center\Data\2_Baseline\Trades\Backtest\DEMO_ACCOUNT\OOS\listOfTrades_USOIL.cash_54_4.18.190_BOTH_M15_OOS.csv,0.1,9.8,98.0,-612.5,0.0,-612.5,9.8,9.8,4444.300000000001
938,USOIL.cash,BUY,2024-09-18 04:30:00+00:00,2024-09-18 11:38:40+00:00,70.892,70.267,-6.25,-6.25,4.18.190,DEMO,OOS,0.0,0.1,0.1,DEMO_ACCOUNT,0.1,C:\Users\Leon\Desktop\QUANT\Data_Center\Data\2_Baseline\Trades\Backtest\DEMO_ACCOUNT\OOS\listOfTrades_USOIL.cash_54_4.18.190_BOTH_M15_OOS.csv,0.1,9.8,98.0,-612.5,0.0,-612.5,9.8,9.8,3831.800000000001
940,USOIL.cash,BUY,2024-09-20 03:30:00+00:00,2024-09-20 23:45:00+00:00,71.98,72.22,2.4,2.4,4.18.190,DEMO,OOS,0.0,0.1,0.1,DEMO_ACCOUNT,0.1,C:\Users\Leon\Desktop\QUANT\Data_Center\Data\2_Baseline\Trades\Backtest\DEMO_ACCOUNT\OOS\listOfTrades_USOIL.cash_54_4.18.190_BOTH_M15_OOS.csv,0.1,9.8,98.0,235.2,0.0,235.2,9.8,9.8,4067.000000000001
942,USOIL.cash,BUY,2024-09-24 17:15:00+00:00,2024-09-24 23:45:00+00:00,72.482,72.377,-1.05,-1.05,4.18.190,DEMO,OOS,0.0,0.1,0.1,DEMO_ACCOUNT,0.1,C:\Users\Leon\Desktop\QUANT\Data_Center\Data\2_Baseline\Trades\Backtest\DEMO_ACCOUNT\OOS\listOfTrades_USOIL.cash_54_4.18.190_BOTH_M15_OOS.csv,0.1,9.8,98.0,-102.9,0.0,-102.9,9.8,9.8,3964.100000000001
944,USOIL.cash,BUY,2024-09-25 04:00:00+00:00,2024-09-25 14:20:40+00:00,72.258,71.633,-6.25,-6.25,4.18.190,DEMO,OOS,0.0,0.1,0.1,DEMO_ACCOUNT,0.1,C:\Users\Leon\Desktop\QUANT\Data_Center\Data\2_Baseline\Trades\Backtest\DEMO_ACCOUNT\OOS\listOfTrades_USOIL.cash_54_4.18.190_BOTH_M15_OOS.csv,0.1,9.8,98.0,-612.5,0.0,-612.5,9.8,9.8,3351.600000000001
946,USOIL.cash,BUY,2024-09-26 01:15:00+00:00,2024-09-26 08:32:40+00:00,70.338,69.713,-6.25,-6.25,4.18.190,DEMO,OOS,0.0,0.1,0.1,DEMO_ACCOUNT,0.1,C:\Users\Leon\Desktop\QUANT\Data_Center\Data\2_Baseline\Trades\Backtest\DEMO_ACCOUNT\OOS\listOfTrades_USOIL.cash_54_4.18.190_BOTH_M15_OOS.csv,0.1,9.8,98.0,-612.5,0.0,-612.5,9.8,9.8,2739.100000000001
948,USOIL.cash,BUY,2024-10-01 10:00:00+00:00,2024-10-01 10:59:40+00:00,68.64,68.015,-6.25,-6.25,4.18.190,DEMO,OOS,0.0,0.1,0.1,DEMO_ACCOUNT,0.1,C:\Users\Leon\Desktop\QUANT\Data_Center\Data\2_Baseline\Trades\Backtest\DEMO_ACCOUNT\OOS\listOfTrades_USOIL.cash_54_4.18.190_BOTH_M15_OOS.csv,0.1,9.8,98.0,-612.5,0.0,-612.5,9.8,9.8,2126.600000000001
950,USOIL.cash,BUY,2024-10-02 17:45:00+00:00,2024-10-02 17:54:40+00:00,72.285,71.66,-6.25,-6.25,4.18.190,DEMO,OOS,0.0,0.1,0.1,DEMO_ACCOUNT,0.1,C:\Users\Leon\Desktop\QUANT\Data_Center\Data\2_Baseline\Trades\Backtest\DEMO_ACCOUNT\OOS\listOfTrades_USOIL.cash_54_4.18.190_BOTH_M15_OOS.csv,0.1,9.8,98.0,-612.5,0.0,-612.5,9.8,9.8,1514.1000000000008
952,USOIL.cash,BUY,2024-10-04 07:00:00+00:00,2024-10-04 10:31:40+00:00,74.144,74.779,6.35,6.35,4.18.190,DEMO,OOS,0.0,0.1,0.1,DEMO_ACCOUNT,0.1,C:\Users\Leon\Desktop\QUANT\Data_Center\Data\2_Baseline\Trades\Backtest\DEMO_ACCOUNT\OOS\listOfTrades_USOIL.cash_54_4.18.190_BOTH_M15_OOS.csv,0.1,9.8,98.0,622.3,0.0,622.3,9.8,9.8,2136.4000000000005
954,USOIL.cash,BUY,2024-10-09 16:15:00+00:00,2024-10-09 17:20:40+00:00,72.682,72.057,-6.25,-6.25,4.18.190,DEMO,OOS,0.0,0.1,0.1,DEMO_ACCOUNT,0.1,C:\Users\Leon\Desktop\QUANT\Data_Center\Data\2_Baseline\Trades\Backtest\DEMO_ACCOUNT\OOS\listOfTrades_USOIL.cash_54_4.18.190_BOTH_M15_OOS.csv,0.1,9.8,98.0,-612.5,0.0,-612.5,9.8,9.8,1523.9000000000005
956,USOIL.cash,BUY,2024-10-10 09:45:00+00:00,2024-10-10 12:05:40+00:00,73.768,74.403,6.35,6.35,4.18.190,DEMO,OOS,0.0,0.1,0.1,DEMO_ACCOUNT,0.1,C:\Users\Leon\Desktop\QUANT\Data_Center\Data\2_Baseline\Trades\Backtest\DEMO_ACCOUNT\OOS\listOfTrades_USOIL.cash_54_4.18.190_BOTH_M15_OOS.csv,0.1,9.8,98.0,622.3,0.0,622.3,9.8,9.8,2146.2000000000007
958,USOIL.cash,BUY,2024-10-11 09:30:00+00:00,2024-10-11 10:11:20+00:00,75.375,74.75,-6.25,-6.25,4.18.190,DEMO,OOS,0.0,0.1,0.1,DEMO_ACCOUNT,0.1,C:\Users\Leon\Desktop\QUANT\Data_Center\Data\2_Baseline\Trades\Backtest\DEMO_ACCOUNT\OOS\listOfTrades_USOIL.cash_54_4.18.190_BOTH_M15_OOS.csv,0.1,9.8,98.0,-612.5,0.0,-612.5,9.8,9.8,1533.7000000000007
960,USOIL.cash,BUY,2024-10-15 08:15:00+00:00,2024-10-15 11:54:40+00:00,71.142,70.517,-6.25,-6.25,4.18.190,DEMO,OOS,0.0,0.1,0.1,DEMO_ACCOUNT,0.1,C:\Users\Leon\Desktop\QUANT\Data_Center\Data\2_Baseline\Trades\Backtest\DEMO_ACCOUNT\OOS\listOfTrades_USOIL.cash_54_4.18.190_BOTH_M15_OOS.csv,0.1,9.8,98.0,-612.5,0.0,-612.5,9.8,9.8,921.2000000000007
962,USOIL.cash,BUY,2024-10-16 11:30:00+00:00,2024-10-16 18:01:40+00:00,70.588,69.963,-6.25,-6.25,4.18.190,DEMO,OOS,0.0,0.1,0.1,DEMO_ACCOUNT,0.1,C:\Users\Leon\Desktop\QUANT\Data_Center\Data\2_Baseline\Trades\Backtest\DEMO_ACCOUNT\OOS\listOfTrades_USOIL.cash_54_4.18.190_BOTH_M15_OOS.csv,0.1,9.8,98.0,-612.5,0.0,-612.5,9.8,9.8,308.7000000000007
964,USOIL.cash,BUY,2024-10-24 15:00:00+00:00,2024-10-24 17:43:40+00:00,71.548,70.923,-6.25,-6.25,4.18.190,DEMO,OOS,0.0,0.1,0.1,DEMO_ACCOUNT,0.1,C:\Users\Leon\Desktop\QUANT\Data_Center\Data\2_Baseline\Trades\Backtest\DEMO_ACCOUNT\OOS\listOfTrades_USOIL.cash_54_4.18.190_BOTH_M15_OOS.csv,0.1,9.8,98.0,-612.5,0.0,-612.5,9.8,9.8,-303.7999999999993
966,USOIL.cash,BUY,2024-10-25 11:00:00+00:00,2024-10-25 14:14:20+00:00,70.616,71.251,6.35,6.35,4.18.190,DEMO,OOS,0.0,0.1,0.1,DEMO_ACCOUNT,0.1,C:\Users\Leon\Desktop\QUANT\Data_Center\Data\2_Baseline\Trades\Backtest\DEMO_ACCOUNT\OOS\listOfTrades_USOIL.cash_54_4.18.190_BOTH_M15_OOS.csv,0.1,9.8,98.0,622.3,0.0,622.3,9.8,9.8,318.5000000000007
968,USOIL.cash,BUY,2024-10-29 04:00:00+00:00,2024-10-29 14:25:40+00:00,68.169,68.804,6.35,6.35,4.18.190,DEMO,OOS,0.0,0.1,0.1,DEMO_ACCOUNT,0.1,C:\Users\Leon\Desktop\QUANT\Data_Center\Data\2_Baseline\Trades\Backtest\DEMO_ACCOUNT\OOS\listOfTrades_USOIL.cash_54_4.18.190_BOTH_M15_OOS.csv,0.1,9.8,98.0,622.3,0.0,622.3,9.8,9.8,940.8000000000006
970,USOIL.cash,BUY,2024-10-31 10:30:00+00:00,2024-10-31 16:03:40+00:00,69.18,69.815,6.35,6.35,4.18.190,DEMO,OOS,0.0,0.1,0.1,DEMO_ACCOUNT,0.1,C:\Users\Leon\Desktop\QUANT\Data_Center\Data\2_Baseline\Trades\Backtest\DEMO_ACCOUNT\OOS\listOfTrades_USOIL.cash_54_4.18.190_BOTH_M15_OOS.csv,0.1,9.8,98.0,622.3,0.0,622.3,9.8,9.8,1563.1000000000006
972,USOIL.cash,BUY,2024-11-01 06:00:00+00:00,2024-11-01 11:07:40+00:00,70.721,71.356,6.35,6.35,4.18.190,DEMO,OOS,0.0,0.1,0.1,DEMO_ACCOUNT,0.1,C:\Users\Leon\Desktop\QUANT\Data_Center\Data\2_Baseline\Trades\Backtest\DEMO_ACCOUNT\OOS\listOfTrades_USOIL.cash_54_4.18.190_BOTH_M15_OOS.csv,0.1,9.8,98.0,622.3,0.0,622.3,9.8,9.8,2185.4000000000005
974,USOIL.cash,BUY,2024-11-05 20:45:00+00:00,2024-11-05 21:12:40+00:00,71.659,72.294,6.35,6.35,4.18.190,DEMO,OOS,0.0,0.1,0.1,DEMO_ACCOUNT,0.1,C:\Users\Leon\Desktop\QUANT\Data_Center\Data\2_Baseline\Trades\Backtest\DEMO_ACCOUNT\OOS\listOfTrades_USOIL.cash_54_4.18.190_BOTH_M15_OOS.csv,0.1,9.8,98.0,622.3,0.0,622.3,9.8,9.8,2807.7000000000007
976,USOIL.cash,BUY,2024-11-06 02:45:00+00:00,2024-11-06 05:42:40+00:00,72.074,71.449,-6.25,-6.25,4.18.190,DEMO,OOS,0.0,0.1,0.1,DEMO_ACCOUNT,0.1,C:\Users\Leon\Desktop\QUANT\Data_Center\Data\2_Baseline\Trades\Backtest\DEMO_ACCOUNT\OOS\listOfTrades_USOIL.cash_54_4.18.190_BOTH_M15_OOS.csv,0.1,9.8,98.0,-612.5,0.0,-612.5,9.8,9.8,2195.2000000000007
978,USOIL.cash,BUY,2024-11-07 08:45:00+00:00,2024-11-07 11:31:40+00:00,72.083,71.458,-6.25,-6.25,4.18.190,DEMO,OOS,0.0,0.1,0.1,DEMO_ACCOUNT,0.1,C:\Users\Leon\Desktop\QUANT\Data_Center\Data\2_Baseline\Trades\Backtest\DEMO_ACCOUNT\OOS\listOfTrades_USOIL.cash_54_4.18.190_BOTH_M15_OOS.csv,0.1,9.8,98.0,-612.5,0.0,-612.5,9.8,9.8,1582.7000000000007
980,USOIL.cash,BUY,2024-11-08 04:45:00+00:00,2024-11-08 10:09:40+00:00,72.112,71.487,-6.25,-6.25,4.18.190,DEMO,OOS,0.0,0.1,0.1,DEMO_ACCOUNT,0.1,C:\Users\Leon\Desktop\QUANT\Data_Center\Data\2_Baseline\Trades\Backtest\DEMO_ACCOUNT\OOS\listOfTrades_USOIL.cash_54_4.18.190_BOTH_M15_OOS.csv,0.1,9.8,98.0,-612.5,0.0,-612.5,9.8,9.8,970.2000000000007
982,USOIL.cash,BUY,2024-11-12 04:15:00+00:00,2024-11-12 11:55:40+00:00,67.983,68.618,6.35,6.35,4.18.190,DEMO,OOS,0.0,0.1,0.1,DEMO_ACCOUNT,0.1,C:\Users\Leon\Desktop\QUANT\Data_Center\Data\2_Baseline\Trades\Backtest\DEMO_ACCOUNT\OOS\listOfTrades_USOIL.cash_54_4.18.190_BOTH_M15_OOS.csv,0.1,9.8,98.0,622.3,0.0,622.3,9.8,9.8,1592.5000000000007
984,USOIL.cash,BUY,2024-11-13 16:00:00+00:00,2024-11-13 16:08:20+00:00,68.06,67.435,-6.25,-6.25,4.18.190,DEMO,OOS,0.0,0.1,0.1,DEMO_ACCOUNT,0.1,C:\Users\Leon\Desktop\QUANT\Data_Center\Data\2_Baseline\Trades\Backtest\DEMO_ACCOUNT\OOS\listOfTrades_USOIL.cash_54_4.18.190_BOTH_M15_OOS.csv,0.1,9.8,98.0,-612.5,0.0,-612.5,9.8,9.8,980.0000000000007
986,USOIL.cash,BUY,2024-11-14 18:30:00+00:00,2024-11-14 23:45:00+00:00,68.595,68.649,0.54,0.54,4.18.190,DEMO,OOS,0.0,0.1,0.1,DEMO_ACCOUNT,0.1,C:\Users\Leon\Desktop\QUANT\Data_Center\Data\2_Baseline\Trades\Backtest\DEMO_ACCOUNT\OOS\listOfTrades_USOIL.cash_54_4.18.190_BOTH_M15_OOS.csv,0.1,9.8,98.0,52.92,0.0,52.92,9.8,9.8,1032.9200000000008
988,USOIL.cash,BUY,2024-11-15 02:45:00+00:00,2024-11-15 08:45:40+00:00,68.524,67.899,-6.25,-6.25,4.18.190,DEMO,OOS,0.0,0.1,0.1,DEMO_ACCOUNT,0.1,C:\Users\Leon\Desktop\QUANT\Data_Center\Data\2_Baseline\Trades\Backtest\DEMO_ACCOUNT\OOS\listOfTrades_USOIL.cash_54_4.18.190_BOTH_M15_OOS.csv,0.1,9.8,98.0,-612.5,0.0,-612.5,9.8,9.8,420.42000000000075
990,USOIL.cash,BUY,2024-11-19 09:15:00+00:00,2024-11-19 17:12:20+00:00,69.227,69.862,6.35,6.35,4.18.190,DEMO,OOS,0.0,0.1,0.1,DEMO_ACCOUNT,0.1,C:\Users\Leon\Desktop\QUANT\Data_Center\Data\2_Baseline\Trades\Backtest\DEMO_ACCOUNT\OOS\listOfTrades_USOIL.cash_54_4.18.190_BOTH_M15_OOS.csv,0.1,9.8,98.0,622.3,0.0,622.3,9.8,9.8,1042.7200000000007
992,USOIL.cash,BUY,2024-11-20 04:00:00+00:00,2024-11-20 11:08:40+00:00,69.401,70.036,6.35,6.35,4.18.190,DEMO,OOS,0.0,0.1,0.1,DEMO_ACCOUNT,0.1,C:\Users\Leon\Desktop\QUANT\Data_Center\Data\2_Baseline\Trades\Backtest\DEMO_ACCOUNT\OOS\listOfTrades_USOIL.cash_54_4.18.190_BOTH_M15_OOS.csv,0.1,9.8,98.0,622.3,0.0,622.3,9.8,9.8,1665.0200000000007
994,USOIL.cash,BUY,2024-11-21 05:30:00+00:00,2024-11-21 10:25:40+00:00,69.084,69.719,6.35,6.35,4.18.190,DEMO,OOS,0.0,0.1,0.1,DEMO_ACCOUNT,0.1,C:\Users\Leon\Desktop\QUANT\Data_Center\Data\2_Baseline\Trades\Backtest\DEMO_ACCOUNT\OOS\listOfTrades_USOIL.cash_54_4.18.190_BOTH_M15_OOS.csv,0.1,9.8,98.0,622.3,0.0,622.3,9.8,9.8,2287.3200000000006
996,USOIL.cash,BUY,2024-11-22 13:45:00+00:00,2024-11-22 16:45:40+00:00,69.953,70.588,6.35,6.35,4.18.190,DEMO,OOS,0.0,0.1,0.1,DEMO_ACCOUNT,0.1,C:\Users\Leon\Desktop\QUANT\Data_Center\Data\2_Baseline\Trades\Backtest\DEMO_ACCOUNT\OOS\listOfTrades_USOIL.cash_54_4.18.190_BOTH_M15_OOS.csv,0.1,9.8,98.0,622.3,0.0,622.3,9.8,9.8,2909.620000000001
998,USOIL.cash,BUY,2024-11-26 01:45:00+00:00,2024-11-26 10:55:40+00:00,68.911,69.546,6.35,6.35,4.18.190,DEMO,OOS,0.0,0.1,0.1,DEMO_ACCOUNT,0.1,C:\Users\Leon\Desktop\QUANT\Data_Center\Data\2_Baseline\Trades\Backtest\DEMO_ACCOUNT\OOS\listOfTrades_USOIL.cash_54_4.18.190_BOTH_M15_OOS.csv,0.1,9.8,98.0,622.3,0.0,622.3,9.8,9.8,3531.920000000001
1000,USOIL.cash,BUY,2024-11-27 16:30:00+00:00,2024-11-27 23:45:00+00:00,68.804,68.903,0.99,0.99,4.18.190,DEMO,OOS,0.0,0.1,0.1,DEMO_ACCOUNT,0.1,C:\Users\Leon\Desktop\QUANT\Data_Center\Data\2_Baseline\Trades\Backtest\DEMO_ACCOUNT\OOS\listOfTrades_USOIL.cash_54_4.18.190_BOTH_M15_OOS.csv,0.1,9.8,98.0,97.02,0.0,97.02,9.8,9.8,3628.940000000001
1002,USOIL.cash,BUY,2024-11-28 05:30:00+00:00,2024-11-28 12:20:40+00:00,68.697,69.332,6.35,6.35,4.18.190,DEMO,OOS,0.0,0.1,0.1,DEMO_ACCOUNT,0.1,C:\Users\Leon\Desktop\QUANT\Data_Center\Data\2_Baseline\Trades\Backtest\DEMO_ACCOUNT\OOS\listOfTrades_USOIL.cash_54_4.18.190_BOTH_M15_OOS.csv,0.1,9.8,98.0,622.3,0.0,622.3,9.8,9.8,4251.240000000001
1004,USOIL.cash,BUY,2024-11-29 09:15:00+00:00,2024-11-29 12:59:40+00:00,68.965,68.34,-6.25,-6.25,4.18.190,DEMO,OOS,0.0,0.1,0.1,DEMO_ACCOUNT,0.1,C:\Users\Leon\Desktop\QUANT\Data_Center\Data\2_Baseline\Trades\Backtest\DEMO_ACCOUNT\OOS\listOfTrades_USOIL.cash_54_4.18.190_BOTH_M15_OOS.csv,0.1,9.8,98.0,-612.5,0.0,-612.5,9.8,9.8,3638.7400000000007
1006,USOIL.cash,BUY,2024-12-03 04:45:00+00:00,2024-12-03 10:17:20+00:00,68.023,68.658,6.35,6.35,4.18.190,DEMO,OOS,0.0,0.1,0.1,DEMO_ACCOUNT,0.1,C:\Users\Leon\Desktop\QUANT\Data_Center\Data\2_Baseline\Trades\Backtest\DEMO_ACCOUNT\OOS\listOfTrades_USOIL.cash_54_4.18.190_BOTH_M15_OOS.csv,0.1,9.8,98.0,622.3,0.0,622.3,9.8,9.8,4261.040000000001
1008,USOIL.cash,BUY,2024-12-04 11:00:00+00:00,2024-12-04 19:03:20+00:00,70.061,69.436,-6.25,-6.25,4.18.190,DEMO,OOS,0.0,0.1,0.1,DEMO_ACCOUNT,0.1,C:\Users\Leon\Desktop\QUANT\Data_Center\Data\2_Baseline\Trades\Backtest\DEMO_ACCOUNT\OOS\listOfTrades_USOIL.cash_54_4.18.190_BOTH_M15_OOS.csv,0.1,9.8,98.0,-612.5,0.0,-612.5,9.8,9.8,3648.540000000001
1010,USOIL.cash,BUY,2024-12-05 05:15:00+00:00,2024-12-05 23:45:00+00:00,68.599,68.454,-1.45,-1.45,4.18.190,DEMO,OOS,0.0,0.1,0.1,DEMO_ACCOUNT,0.1,C:\Users\Leon\Desktop\QUANT\Data_Center\Data\2_Baseline\Trades\Backtest\DEMO_ACCOUNT\OOS\listOfTrades_USOIL.cash_54_4.18.190_BOTH_M15_OOS.csv,0.1,9.8,98.0,-142.1,0.0,-142.1,9.8,9.8,3506.440000000001
1012,USOIL.cash,BUY,2024-12-06 03:15:00+00:00,2024-12-06 13:00:40+00:00,68.328,67.703,-6.25,-6.25,4.18.190,DEMO,OOS,0.0,0.1,0.1,DEMO_ACCOUNT,0.1,C:\Users\Leon\Desktop\QUANT\Data_Center\Data\2_Baseline\Trades\Backtest\DEMO_ACCOUNT\OOS\listOfTrades_USOIL.cash_54_4.18.190_BOTH_M15_OOS.csv,0.1,9.8,98.0,-612.5,0.0,-612.5,9.8,9.8,2893.940000000001
1014,USOIL.cash,BUY,2024-12-10 21:45:00+00:00,2024-12-10 23:45:00+00:00,68.457,68.501,0.44,0.44,4.18.190,DEMO,OOS,0.0,0.1,0.1,DEMO_ACCOUNT,0.1,C:\Users\Leon\Desktop\QUANT\Data_Center\Data\2_Baseline\Trades\Backtest\DEMO_ACCOUNT\OOS\listOfTrades_USOIL.cash_54_4.18.190_BOTH_M15_OOS.csv,0.1,9.8,98.0,43.12,0.0,43.12,9.8,9.8,2937.060000000001
1016,USOIL.cash,BUY,2024-12-11 09:30:00+00:00,2024-12-11 13:47:40+00:00,68.879,69.514,6.35,6.35,4.18.190,DEMO,OOS,0.0,0.1,0.1,DEMO_ACCOUNT,0.1,C:\Users\Leon\Desktop\QUANT\Data_Center\Data\2_Baseline\Trades\Backtest\DEMO_ACCOUNT\OOS\listOfTrades_USOIL.cash_54_4.18.190_BOTH_M15_OOS.csv,0.1,9.8,98.0,622.3,0.0,622.3,9.8,9.8,3559.3600000000006
1018,USOIL.cash,BUY,2024-12-12 03:45:00+00:00,2024-12-12 16:58:40+00:00,70.232,69.607,-6.25,-6.25,4.18.190,DEMO,OOS,0.0,0.1,0.1,DEMO_ACCOUNT,0.1,C:\Users\Leon\Desktop\QUANT\Data_Center\Data\2_Baseline\Trades\Backtest\DEMO_ACCOUNT\OOS\listOfTrades_USOIL.cash_54_4.18.190_BOTH_M15_OOS.csv,0.1,9.8,98.0,-612.5,0.0,-612.5,9.8,9.8,2946.8600000000006
1020,USOIL.cash,BUY,2024-12-17 10:15:00+00:00,2024-12-17 14:00:40+00:00,70.452,69.827,-6.25,-6.25,4.18.190,DEMO,OOS,0.0,0.1,0.1,DEMO_ACCOUNT,0.1,C:\Users\Leon\Desktop\QUANT\Data_Center\Data\2_Baseline\Trades\Backtest\DEMO_ACCOUNT\OOS\listOfTrades_USOIL.cash_54_4.18.190_BOTH_M15_OOS.csv,0.1,9.8,98.0,-612.5,0.0,-612.5,9.8,9.8,2334.3600000000006
1022,USOIL.cash,BUY,2024-12-18 21:45:00+00:00,2024-12-18 23:45:00+00:00,70.279,69.796,-4.83,-4.83,4.18.190,DEMO,OOS,0.0,0.1,0.1,DEMO_ACCOUNT,0.1,C:\Users\Leon\Desktop\QUANT\Data_Center\Data\2_Baseline\Trades\Backtest\DEMO_ACCOUNT\OOS\listOfTrades_USOIL.cash_54_4.18.190_BOTH_M15_OOS.csv,0.1,9.8,98.0,-473.34000000000003,0.0,-473.34000000000003,9.8,9.8,1861.0200000000004
1024,USOIL.cash,BUY,2024-12-19 10:15:00+00:00,2024-12-19 11:13:40+00:00,69.69,70.325,6.35,6.35,4.18.190,DEMO,OOS,0.0,0.1,0.1,DEMO_ACCOUNT,0.1,C:\Users\Leon\Desktop\QUANT\Data_Center\Data\2_Baseline\Trades\Backtest\DEMO_ACCOUNT\OOS\listOfTrades_USOIL.cash_54_4.18.190_BOTH_M15_OOS.csv,0.1,9.8,98.0,622.3,0.0,622.3,9.8,9.8,2483.3200000000006
1026,USOIL.cash,BUY,2024-12-20 03:15:00+00:00,2024-12-20 20:15:00+00:00,69.403,70.038,6.35,6.35,4.18.190,DEMO,OOS,0.0,0.1,0.1,DEMO_ACCOUNT,0.1,C:\Users\Leon\Desktop\QUANT\Data_Center\Data\2_Baseline\Trades\Backtest\DEMO_ACCOUNT\OOS\listOfTrades_USOIL.cash_54_4.18.190_BOTH_M15_OOS.csv,0.1,9.8,98.0,622.3,0.0,622.3,9.8,9.8,3105.620000000001
1028,USOIL.cash,BUY,2024-12-24 14:15:00+00:00,2024-12-24 16:01:20+00:00,69.856,70.491,6.35,6.35,4.18.190,DEMO,OOS,0.0,0.1,0.1,DEMO_ACCOUNT,0.1,C:\Users\Leon\Desktop\QUANT\Data_Center\Data\2_Baseline\Trades\Backtest\DEMO_ACCOUNT\OOS\listOfTrades_USOIL.cash_54_4.18.190_BOTH_M15_OOS.csv,0.1,9.8,98.0,622.3,0.0,622.3,9.8,9.8,3727.920000000001
1030,USOIL.cash,BUY,2024-12-26 07:15:00+00:00,2024-12-26 21:22:40+00:00,70.416,69.791,-6.25,-6.25,4.18.190,DEMO,OOS,0.0,0.1,0.1,DEMO_ACCOUNT,0.1,C:\Users\Leon\Desktop\QUANT\Data_Center\Data\2_Baseline\Trades\Backtest\DEMO_ACCOUNT\OOS\listOfTrades_USOIL.cash_54_4.18.190_BOTH_M15_OOS.csv,0.1,9.8,98.0,-612.5,0.0,-612.5,9.8,9.8,3115.420000000001
1032,USOIL.cash,BUY,2024-12-27 03:15:00+00:00,2024-12-27 12:48:40+00:00,69.733,70.368,6.35,6.35,4.18.190,DEMO,OOS,0.0,0.1,0.1,DEMO_ACCOUNT,0.1,C:\Users\Leon\Desktop\QUANT\Data_Center\Data\2_Baseline\Trades\Backtest\DEMO_ACCOUNT\OOS\listOfTrades_USOIL.cash_54_4.18.190_BOTH_M15_OOS.csv,0.1,9.8,98.0,622.3,0.0,622.3,9.8,9.8,3737.720000000001
1034,USOIL.cash,BUY,2024-12-31 11:15:00+00:00,2024-12-31 23:45:00+00:00,71.627,71.996,3.69,3.69,4.18.190,DEMO,OOS,0.0,0.1,0.1,DEMO_ACCOUNT,0.1,C:\Users\Leon\Desktop\QUANT\Data_Center\Data\2_Baseline\Trades\Backtest\DEMO_ACCOUNT\OOS\listOfTrades_USOIL.cash_54_4.18.190_BOTH_M15_OOS.csv,0.1,9.8,98.0,361.62,0.0,361.62,9.8,9.8,4099.340000000001
1036,USOIL.cash,BUY,2025-01-02 10:45:00+00:00,2025-01-02 12:00:40+00:00,72.006,72.641,6.35,6.35,4.18.190,DEMO,OOS,0.0,0.1,0.1,DEMO_ACCOUNT,0.1,C:\Users\Leon\Desktop\QUANT\Data_Center\Data\2_Baseline\Trades\Backtest\DEMO_ACCOUNT\OOS\listOfTrades_USOIL.cash_54_4.18.190_BOTH_M15_OOS.csv,0.1,9.8,98.0,622.3,0.0,622.3,9.8,9.8,4721.640000000001
1038,USOIL.cash,BUY,2025-01-10 03:45:00+00:00,2025-01-10 10:37:40+00:00,74.193,74.828,6.35,6.35,4.18.190,DEMO,OOS,0.0,0.1,0.1,DEMO_ACCOUNT,0.1,C:\Users\Leon\Desktop\QUANT\Data_Center\Data\2_Baseline\Trades\Backtest\DEMO_ACCOUNT\OOS\listOfTrades_USOIL.cash_54_4.18.190_BOTH_M15_OOS.csv,0.1,9.8,98.0,622.3,0.0,622.3,9.8,9.8,5343.940000000001
1040,USOIL.cash,BUY,2025-01-21 09:15:00+00:00,2025-01-21 12:04:40+00:00,77.516,76.891,-6.25,-6.25,4.18.190,DEMO,OOS,0.0,0.1,0.1,DEMO_ACCOUNT,0.1,C:\Users\Leon\Desktop\QUANT\Data_Center\Data\2_Baseline\Trades\Backtest\DEMO_ACCOUNT\OOS\listOfTrades_USOIL.cash_54_4.18.190_BOTH_M15_OOS.csv,0.1,9.8,98.0,-612.5,0.0,-612.5,9.8,9.8,4731.440000000001
1042,USOIL.cash,BUY,2025-01-22 08:15:00+00:00,2025-01-22 11:10:00+00:00,76.576,77.211,6.35,6.35,4.18.190,DEMO,OOS,0.0,0.1,0.1,DEMO_ACCOUNT,0.1,C:\Users\Leon\Desktop\QUANT\Data_Center\Data\2_Baseline\Trades\Backtest\DEMO_ACCOUNT\OOS\listOfTrades_USOIL.cash_54_4.18.190_BOTH_M15_OOS.csv,0.1,9.8,98.0,622.3,0.0,622.3,9.8,9.8,5353.740000000002
1044,USOIL.cash,BUY,2025-01-23 08:30:00+00:00,2025-01-23 13:32:40+00:00,76.11,76.745,6.35,6.35,4.18.190,DEMO,OOS,0.0,0.1,0.1,DEMO_ACCOUNT,0.1,C:\Users\Leon\Desktop\QUANT\Data_Center\Data\2_Baseline\Trades\Backtest\DEMO_ACCOUNT\OOS\listOfTrades_USOIL.cash_54_4.18.190_BOTH_M15_OOS.csv,0.1,9.8,98.0,622.3,0.0,622.3,9.8,9.8,5976.040000000002
1046,USOIL.cash,BUY,2025-01-24 10:45:00+00:00,2025-01-24 14:39:20+00:00,75.47,76.105,6.35,6.35,4.18.190,DEMO,OOS,0.0,0.1,0.1,DEMO_ACCOUNT,0.1,C:\Users\Leon\Desktop\QUANT\Data_Center\Data\2_Baseline\Trades\Backtest\DEMO_ACCOUNT\OOS\listOfTrades_USOIL.cash_54_4.18.190_BOTH_M15_OOS.csv,0.1,9.8,98.0,622.3,0.0,622.3,9.8,9.8,6598.340000000002
1048,USOIL.cash,BUY,2025-01-29 04:00:30+00:00,2025-01-29 11:17:40+00:00,74.54,73.915,-6.25,-6.25,4.18.190,DEMO,OOS,0.0,0.1,0.1,DEMO_ACCOUNT,0.1,C:\Users\Leon\Desktop\QUANT\Data_Center\Data\2_Baseline\Trades\Backtest\DEMO_ACCOUNT\OOS\listOfTrades_USOIL.cash_54_4.18.190_BOTH_M15_OOS.csv,0.1,9.8,98.0,-612.5,0.0,-612.5,9.8,9.8,5985.840000000002
1050,USOIL.cash,BUY,2025-01-30 03:15:00+00:00,2025-01-30 11:05:40+00:00,73.529,72.904,-6.25,-6.25,4.18.190,DEMO,OOS,0.0,0.1,0.1,DEMO_ACCOUNT,0.1,C:\Users\Leon\Desktop\QUANT\Data_Center\Data\2_Baseline\Trades\Backtest\DEMO_ACCOUNT\OOS\listOfTrades_USOIL.cash_54_4.18.190_BOTH_M15_OOS.csv,0.1,9.8,98.0,-612.5,0.0,-612.5,9.8,9.8,5373.340000000002
1052,USOIL.cash,BUY,2025-01-31 09:30:00+00:00,2025-01-31 11:49:40+00:00,73.868,73.243,-6.25,-6.25,4.18.190,DEMO,OOS,0.0,0.1,0.1,DEMO_ACCOUNT,0.1,C:\Users\Leon\Desktop\QUANT\Data_Center\Data\2_Baseline\Trades\Backtest\DEMO_ACCOUNT\OOS\listOfTrades_USOIL.cash_54_4.18.190_BOTH_M15_OOS.csv,0.1,9.8,98.0,-612.5,0.0,-612.5,9.8,9.8,4760.840000000002
1054,USOIL.cash,BUY,2025-02-04 07:15:00+00:00,2025-02-04 15:04:40+00:00,72.531,71.906,-6.25,-6.25,4.18.190,DEMO,OOS,0.0,0.1,0.1,DEMO_ACCOUNT,0.1,C:\Users\Leon\Desktop\QUANT\Data_Center\Data\2_Baseline\Trades\Backtest\DEMO_ACCOUNT\OOS\listOfTrades_USOIL.cash_54_4.18.190_BOTH_M15_OOS.csv,0.1,9.8,98.0,-612.5,0.0,-612.5,9.8,9.8,4148.340000000002
1056,USOIL.cash,BUY,2025-02-05 04:45:00+00:00,2025-02-05 13:37:40+00:00,72.984,72.359,-6.25,-6.25,4.18.190,DEMO,OOS,0.0,0.1,0.1,DEMO_ACCOUNT,0.1,C:\Users\Leon\Desktop\QUANT\Data_Center\Data\2_Baseline\Trades\Backtest\DEMO_ACCOUNT\OOS\listOfTrades_USOIL.cash_54_4.18.190_BOTH_M15_OOS.csv,0.1,9.8,98.0,-612.5,0.0,-612.5,9.8,9.8,3535.840000000002
1058,USOIL.cash,BUY,2025-02-06 06:15:00+00:00,2025-02-06 17:25:20+00:00,71.599,72.234,6.35,6.35,4.18.190,DEMO,OOS,0.0,0.1,0.1,DEMO_ACCOUNT,0.1,C:\Users\Leon\Desktop\QUANT\Data_Center\Data\2_Baseline\Trades\Backtest\DEMO_ACCOUNT\OOS\listOfTrades_USOIL.cash_54_4.18.190_BOTH_M15_OOS.csv,0.1,9.8,98.0,622.3,0.0,622.3,9.8,9.8,4158.140000000002
1060,USOIL.cash,BUY,2025-02-07 18:15:00+00:00,2025-02-07 23:45:00+00:00,71.199,71.408,2.09,2.09,4.18.190,DEMO,OOS,0.0,0.1,0.1,DEMO_ACCOUNT,0.1,C:\Users\Leon\Desktop\QUANT\Data_Center\Data\2_Baseline\Trades\Backtest\DEMO_ACCOUNT\OOS\listOfTrades_USOIL.cash_54_4.18.190_BOTH_M15_OOS.csv,0.1,9.8,98.0,204.82,0.0,204.82,9.8,9.8,4362.960000000002
1062,USOIL.cash,BUY,2025-02-11 03:15:00+00:00,2025-02-11 10:20:40+00:00,72.595,73.23,6.35,6.35,4.18.190,DEMO,OOS,0.0,0.1,0.1,DEMO_ACCOUNT,0.1,C:\Users\Leon\Desktop\QUANT\Data_Center\Data\2_Baseline\Trades\Backtest\DEMO_ACCOUNT\OOS\listOfTrades_USOIL.cash_54_4.18.190_BOTH_M15_OOS.csv,0.1,9.8,98.0,622.3,0.0,622.3,9.8,9.8,4985.260000000002
1064,USOIL.cash,BUY,2025-02-12 01:15:00+00:00,2025-02-12 10:33:40+00:00,73.354,72.729,-6.25,-6.25,4.18.190,DEMO,OOS,0.0,0.1,0.1,DEMO_ACCOUNT,0.1,C:\Users\Leon\Desktop\QUANT\Data_Center\Data\2_Baseline\Trades\Backtest\DEMO_ACCOUNT\OOS\listOfTrades_USOIL.cash_54_4.18.190_BOTH_M15_OOS.csv,0.1,9.8,98.0,-612.5,0.0,-612.5,9.8,9.8,4372.760000000002
1066,USOIL.cash,BUY,2025-02-13 03:15:00+00:00,2025-02-13 11:47:40+00:00,71.223,70.598,-6.25,-6.25,4.18.190,DEMO,OOS,0.0,0.1,0.1,DEMO_ACCOUNT,0.1,C:\Users\Leon\Desktop\QUANT\Data_Center\Data\2_Baseline\Trades\Backtest\DEMO_ACCOUNT\OOS\listOfTrades_USOIL.cash_54_4.18.190_BOTH_M15_OOS.csv,0.1,9.8,98.0,-612.5,0.0,-612.5,9.8,9.8,3760.260000000002
1068,USOIL.cash,BUY,2025-02-14 03:00:00+00:00,2025-02-14 14:34:40+00:00,71.422,72.057,6.35,6.35,4.18.190,DEMO,OOS,0.0,0.1,0.1,DEMO_ACCOUNT,0.1,C:\Users\Leon\Desktop\QUANT\Data_Center\Data\2_Baseline\Trades\Backtest\DEMO_ACCOUNT\OOS\listOfTrades_USOIL.cash_54_4.18.190_BOTH_M15_OOS.csv,0.1,9.8,98.0,622.3,0.0,622.3,9.8,9.8,4382.560000000002
1070,USOIL.cash,BUY,2025-02-18 03:30:00+00:00,2025-02-18 11:32:40+00:00,71.165,71.8,6.35,6.35,4.18.190,DEMO,OOS,0.0,0.1,0.1,DEMO_ACCOUNT,0.1,C:\Users\Leon\Desktop\QUANT\Data_Center\Data\2_Baseline\Trades\Backtest\DEMO_ACCOUNT\OOS\listOfTrades_USOIL.cash_54_4.18.190_BOTH_M15_OOS.csv,0.1,9.8,98.0,622.3,0.0,622.3,9.8,9.8,5004.860000000002
1072,USOIL.cash,BUY,2025-02-20 03:30:00+00:00,2025-02-20 15:00:20+00:00,71.888,72.523,6.35,6.35,4.18.190,DEMO,OOS,0.0,0.1,0.1,DEMO_ACCOUNT,0.1,C:\Users\Leon\Desktop\QUANT\Data_Center\Data\2_Baseline\Trades\Backtest\DEMO_ACCOUNT\OOS\listOfTrades_USOIL.cash_54_4.18.190_BOTH_M15_OOS.csv,0.1,9.8,98.0,622.3,0.0,622.3,9.8,9.8,5627.160000000003
1074,USOIL.cash,BUY,2025-02-21 10:15:00+00:00,2025-02-21 16:10:40+00:00,72.08,71.455,-6.25,-6.25,4.18.190,DEMO,OOS,0.0,0.1,0.1,DEMO_ACCOUNT,0.1,C:\Users\Leon\Desktop\QUANT\Data_Center\Data\2_Baseline\Trades\Backtest\DEMO_ACCOUNT\OOS\listOfTrades_USOIL.cash_54_4.18.190_BOTH_M15_OOS.csv,0.1,9.8,98.0,-612.5,0.0,-612.5,9.8,9.8,5014.660000000003
1076,USOIL.cash,BUY,2025-02-25 09:15:00+00:00,2025-02-25 14:30:40+00:00,70.949,70.324,-6.25,-6.25,4.18.190,DEMO,OOS,0.0,0.1,0.1,DEMO_ACCOUNT,0.1,C:\Users\Leon\Desktop\QUANT\Data_Center\Data\2_Baseline\Trades\Backtest\DEMO_ACCOUNT\OOS\listOfTrades_USOIL.cash_54_4.18.190_BOTH_M15_OOS.csv,0.1,9.8,98.0,-612.5,0.0,-612.5,9.8,9.8,4402.160000000003
1078,USOIL.cash,BUY,2025-02-26 04:45:00+00:00,2025-02-26 19:32:40+00:00,69.033,68.408,-6.25,-6.25,4.18.190,DEMO,OOS,0.0,0.1,0.1,DEMO_ACCOUNT,0.1,C:\Users\Leon\Desktop\QUANT\Data_Center\Data\2_Baseline\Trades\Backtest\DEMO_ACCOUNT\OOS\listOfTrades_USOIL.cash_54_4.18.190_BOTH_M15_OOS.csv,0.1,9.8,98.0,-612.5,0.0,-612.5,9.8,9.8,3789.6600000000026
1080,USOIL.cash,BUY,2025-02-28 04:00:00+00:00,2025-02-28 12:58:40+00:00,70.003,69.378,-6.25,-6.25,4.18.190,DEMO,OOS,0.0,0.1,0.1,DEMO_ACCOUNT,0.1,C:\Users\Leon\Desktop\QUANT\Data_Center\Data\2_Baseline\Trades\Backtest\DEMO_ACCOUNT\OOS\listOfTrades_USOIL.cash_54_4.18.190_BOTH_M15_OOS.csv,0.1,9.8,98.0,-612.5,0.0,-612.5,9.8,9.8,3177.1600000000026
1082,USOIL.cash,BUY,2025-03-04 03:15:00+00:00,2025-03-04 11:02:20+00:00,68.097,67.472,-6.25,-6.25,4.18.190,DEMO,OOS,0.0,0.1,0.1,DEMO_ACCOUNT,0.1,C:\Users\Leon\Desktop\QUANT\Data_Center\Data\2_Baseline\Trades\Backtest\DEMO_ACCOUNT\OOS\listOfTrades_USOIL.cash_54_4.18.190_BOTH_M15_OOS.csv,0.1,9.8,98.0,-612.5,0.0,-612.5,9.8,9.8,2564.6600000000026
1084,USOIL.cash,BUY,2025-03-05 04:45:00+00:00,2025-03-05 13:02:40+00:00,67.587,66.962,-6.25,-6.25,4.18.190,DEMO,OOS,0.0,0.1,0.1,DEMO_ACCOUNT,0.1,C:\Users\Leon\Desktop\QUANT\Data_Center\Data\2_Baseline\Trades\Backtest\DEMO_ACCOUNT\OOS\listOfTrades_USOIL.cash_54_4.18.190_BOTH_M15_OOS.csv,0.1,9.8,98.0,-612.5,0.0,-612.5,9.8,9.8,1952.1600000000026
1086,USOIL.cash,BUY,2025-03-11 02:15:30+00:00,2025-03-11 11:55:40+00:00,65.696,66.331,6.35,6.35,4.18.190,DEMO,OOS,0.0,0.1,0.1,DEMO_ACCOUNT,0.1,C:\Users\Leon\Desktop\QUANT\Data_Center\Data\2_Baseline\Trades\Backtest\DEMO_ACCOUNT\OOS\listOfTrades_USOIL.cash_54_4.18.190_BOTH_M15_OOS.csv,0.1,9.8,98.0,622.3,0.0,622.3,9.8,9.8,2574.4600000000028
1088,USOIL.cash,BUY,2025-03-12 09:15:00+00:00,2025-03-12 15:25:20+00:00,66.531,67.166,6.35,6.35,4.18.190,DEMO,OOS,0.0,0.1,0.1,DEMO_ACCOUNT,0.1,C:\Users\Leon\Desktop\QUANT\Data_Center\Data\2_Baseline\Trades\Backtest\DEMO_ACCOUNT\OOS\listOfTrades_USOIL.cash_54_4.18.190_BOTH_M15_OOS.csv,0.1,9.8,98.0,622.3,0.0,622.3,9.8,9.8,3196.760000000003
1090,USOIL.cash,BUY,2025-03-13 03:15:00+00:00,2025-03-13 17:01:40+00:00,67.547,66.922,-6.25,-6.25,4.18.190,DEMO,OOS,0.0,0.1,0.1,DEMO_ACCOUNT,0.1,C:\Users\Leon\Desktop\QUANT\Data_Center\Data\2_Baseline\Trades\Backtest\DEMO_ACCOUNT\OOS\listOfTrades_USOIL.cash_54_4.18.190_BOTH_M15_OOS.csv,0.1,9.8,98.0,-612.5,0.0,-612.5,9.8,9.8,2584.260000000003
1092,USOIL.cash,BUY,2025-03-14 15:00:00+00:00,2025-03-14 23:45:00+00:00,67.027,67.136,1.09,1.09,4.18.190,DEMO,OOS,0.0,0.1,0.1,DEMO_ACCOUNT,0.1,C:\Users\Leon\Desktop\QUANT\Data_Center\Data\2_Baseline\Trades\Backtest\DEMO_ACCOUNT\OOS\listOfTrades_USOIL.cash_54_4.18.190_BOTH_M15_OOS.csv,0.1,9.8,98.0,106.82000000000001,0.0,106.82000000000001,9.8,9.8,2691.080000000003
1094,USOIL.cash,BUY,2025-03-18 01:15:30+00:00,2025-03-18 10:21:40+00:00,67.416,68.051,6.35,6.35,4.18.190,DEMO,OOS,0.0,0.1,0.1,DEMO_ACCOUNT,0.1,C:\Users\Leon\Desktop\QUANT\Data_Center\Data\2_Baseline\Trades\Backtest\DEMO_ACCOUNT\OOS\listOfTrades_USOIL.cash_54_4.18.190_BOTH_M15_OOS.csv,0.1,9.8,98.0,622.3,0.0,622.3,9.8,9.8,3313.380000000003
1096,USOIL.cash,BUY,2025-03-19 01:05:30+00:00,2025-03-19 19:47:40+00:00,66.921,67.556,6.35,6.35,4.18.190,DEMO,OOS,0.0,0.1,0.1,DEMO_ACCOUNT,0.1,C:\Users\Leon\Desktop\QUANT\Data_Center\Data\2_Baseline\Trades\Backtest\DEMO_ACCOUNT\OOS\listOfTrades_USOIL.cash_54_4.18.190_BOTH_M15_OOS.csv,0.1,9.8,98.0,622.3,0.0,622.3,9.8,9.8,3935.680000000003
1098,USOIL.cash,BUY,2025-03-20 10:30:00+00:00,2025-03-20 17:40:40+00:00,67.402,68.037,6.35,6.35,4.18.190,DEMO,OOS,0.0,0.1,0.1,DEMO_ACCOUNT,0.1,C:\Users\Leon\Desktop\QUANT\Data_Center\Data\2_Baseline\Trades\Backtest\DEMO_ACCOUNT\OOS\listOfTrades_USOIL.cash_54_4.18.190_BOTH_M15_OOS.csv,0.1,9.8,98.0,622.3,0.0,622.3,9.8,9.8,4557.980000000003
1100,USOIL.cash,BUY,2025-03-21 05:15:00+00:00,2025-03-21 14:09:20+00:00,68.593,67.968,-6.25,-6.25,4.18.190,DEMO,OOS,0.0,0.1,0.1,DEMO_ACCOUNT,0.1,C:\Users\Leon\Desktop\QUANT\Data_Center\Data\2_Baseline\Trades\Backtest\DEMO_ACCOUNT\OOS\listOfTrades_USOIL.cash_54_4.18.190_BOTH_M15_OOS.csv,0.1,9.8,98.0,-612.5,0.0,-612.5,9.8,9.8,3945.480000000003
1102,USOIL.cash,BUY,2025-03-25 03:15:00+00:00,2025-03-25 23:45:00+00:00,69.31,69.38,0.7,0.7,4.18.190,DEMO,OOS,0.0,0.1,0.1,DEMO_ACCOUNT,0.1,C:\Users\Leon\Desktop\QUANT\Data_Center\Data\2_Baseline\Trades\Backtest\DEMO_ACCOUNT\OOS\listOfTrades_USOIL.cash_54_4.18.190_BOTH_M15_OOS.csv,0.1,9.8,98.0,68.6,0.0,68.6,9.8,9.8,4014.080000000003
1104,USOIL.cash,BUY,2025-03-26 06:46:00+00:00,2025-03-26 16:35:20+00:00,69.396,70.031,6.35,6.35,4.18.190,DEMO,OOS,0.0,0.1,0.1,DEMO_ACCOUNT,0.1,C:\Users\Leon\Desktop\QUANT\Data_Center\Data\2_Baseline\Trades\Backtest\DEMO_ACCOUNT\OOS\listOfTrades_USOIL.cash_54_4.18.190_BOTH_M15_OOS.csv,0.1,9.8,98.0,622.3,0.0,622.3,9.8,9.8,4636.380000000003
1106,USOIL.cash,BUY,2025-03-27 08:45:00+00:00,2025-03-27 23:45:00+00:00,69.862,70.067,2.05,2.05,4.18.190,DEMO,OOS,0.0,0.1,0.1,DEMO_ACCOUNT,0.1,C:\Users\Leon\Desktop\QUANT\Data_Center\Data\2_Baseline\Trades\Backtest\DEMO_ACCOUNT\OOS\listOfTrades_USOIL.cash_54_4.18.190_BOTH_M15_OOS.csv,0.1,9.8,98.0,200.89999999999998,0.0,200.89999999999998,9.8,9.8,4837.2800000000025
1108,USOIL.cash,BUY,2025-03-28 07:30:00+00:00,2025-03-28 18:43:40+00:00,69.983,69.358,-6.25,-6.25,4.18.190,DEMO,OOS,0.0,0.1,0.1,DEMO_ACCOUNT,0.1,C:\Users\Leon\Desktop\QUANT\Data_Center\Data\2_Baseline\Trades\Backtest\DEMO_ACCOUNT\OOS\listOfTrades_USOIL.cash_54_4.18.190_BOTH_M15_OOS.csv,0.1,9.8,98.0,-612.5,0.0,-612.5,9.8,9.8,4224.7800000000025
1110,USOIL.cash,BUY,2025-04-01 10:30:00+00:00,2025-04-01 23:45:00+00:00,71.661,71.305,-3.56,-3.56,4.18.190,DEMO,OOS,0.0,0.1,0.1,DEMO_ACCOUNT,0.1,C:\Users\Leon\Desktop\QUANT\Data_Center\Data\2_Baseline\Trades\Backtest\DEMO_ACCOUNT\OOS\listOfTrades_USOIL.cash_54_4.18.190_BOTH_M15_OOS.csv,0.1,9.8,98.0,-348.88,0.0,-348.88,9.8,9.8,3875.9000000000024
1112,USOIL.cash,BUY,2025-04-02 09:00:00+00:00,2025-04-02 19:20:20+00:00,71.256,71.891,6.35,6.35,4.18.190,DEMO,OOS,0.0,0.1,0.1,DEMO_ACCOUNT,0.1,C:\Users\Leon\Desktop\QUANT\Data_Center\Data\2_Baseline\Trades\Backtest\DEMO_ACCOUNT\OOS\listOfTrades_USOIL.cash_54_4.18.190_BOTH_M15_OOS.csv,0.1,9.8,98.0,622.3,0.0,622.3,9.8,9.8,4498.200000000003
1114,USOIL.cash,BUY,2025-04-03 01:15:30+00:00,2025-04-03 02:29:40+00:00,70.232,69.607,-6.25,-6.25,4.18.190,DEMO,OOS,0.0,0.1,0.1,DEMO_ACCOUNT,0.1,C:\Users\Leon\Desktop\QUANT\Data_Center\Data\2_Baseline\Trades\Backtest\DEMO_ACCOUNT\OOS\listOfTrades_USOIL.cash_54_4.18.190_BOTH_M15_OOS.csv,0.1,9.8,98.0,-612.5,0.0,-612.5,9.8,9.8,3885.7000000000025
1116,USOIL.cash,BUY,2025-04-15 11:45:00+00:00,2025-04-15 23:45:00+00:00,61.43,61.439,0.09,0.09,4.18.190,DEMO,OOS,0.0,0.1,0.1,DEMO_ACCOUNT,0.1,C:\Users\Leon\Desktop\QUANT\Data_Center\Data\2_Baseline\Trades\Backtest\DEMO_ACCOUNT\OOS\listOfTrades_USOIL.cash_54_4.18.190_BOTH_M15_OOS.csv,0.1,9.8,98.0,8.82,0.0,8.82,9.8,9.8,3894.5200000000027
1118,USOIL.cash,BUY,2025-04-16 06:00:00+00:00,2025-04-16 08:33:40+00:00,61.063,60.438,-6.25,-6.25,4.18.190,DEMO,OOS,0.0,0.1,0.1,DEMO_ACCOUNT,0.1,C:\Users\Leon\Desktop\QUANT\Data_Center\Data\2_Baseline\Trades\Backtest\DEMO_ACCOUNT\OOS\listOfTrades_USOIL.cash_54_4.18.190_BOTH_M15_OOS.csv,0.1,9.8,98.0,-612.5,0.0,-612.5,9.8,9.8,3282.0200000000027
1120,USOIL.cash,BUY,2025-04-17 10:15:00+00:00,2025-04-17 15:33:40+00:00,62.678,63.313,6.35,6.35,4.18.190,DEMO,OOS,0.0,0.1,0.1,DEMO_ACCOUNT,0.1,C:\Users\Leon\Desktop\QUANT\Data_Center\Data\2_Baseline\Trades\Backtest\DEMO_ACCOUNT\OOS\listOfTrades_USOIL.cash_54_4.18.190_BOTH_M15_OOS.csv,0.1,9.8,98.0,622.3,0.0,622.3,9.8,9.8,3904.3200000000024
1122,USOIL.cash,BUY,2025-04-22 16:15:00+00:00,2025-04-22 18:11:40+00:00,63.496,64.131,6.35,6.35,4.18.190,DEMO,OOS,0.0,0.1,0.1,DEMO_ACCOUNT,0.1,C:\Users\Leon\Desktop\QUANT\Data_Center\Data\2_Baseline\Trades\Backtest\DEMO_ACCOUNT\OOS\listOfTrades_USOIL.cash_54_4.18.190_BOTH_M15_OOS.csv,0.1,9.8,98.0,622.3,0.0,622.3,9.8,9.8,4526.620000000003
1124,USOIL.cash,BUY,2025-04-23 13:45:00+00:00,2025-04-23 14:58:40+00:00,64.71,64.085,-6.25,-6.25,4.18.190,DEMO,OOS,0.0,0.1,0.1,DEMO_ACCOUNT,0.1,C:\Users\Leon\Desktop\QUANT\Data_Center\Data\2_Baseline\Trades\Backtest\DEMO_ACCOUNT\OOS\listOfTrades_USOIL.cash_54_4.18.190_BOTH_M15_OOS.csv,0.1,9.8,98.0,-612.5,0.0,-612.5,9.8,9.8,3914.1200000000026
1126,USOIL.cash,BUY,2025-04-24 09:00:00+00:00,2025-04-24 10:07:40+00:00,62.539,63.174,6.35,6.35,4.18.190,DEMO,OOS,0.0,0.1,0.1,DEMO_ACCOUNT,0.1,C:\Users\Leon\Desktop\QUANT\Data_Center\Data\2_Baseline\Trades\Backtest\DEMO_ACCOUNT\OOS\listOfTrades_USOIL.cash_54_4.18.190_BOTH_M15_OOS.csv,0.1,9.8,98.0,622.3,0.0,622.3,9.8,9.8,4536.420000000003
1128,USOIL.cash,BUY,2025-04-25 10:30:00+00:00,2025-04-25 13:35:40+00:00,63.142,62.517,-6.25,-6.25,4.18.190,DEMO,OOS,0.0,0.1,0.1,DEMO_ACCOUNT,0.1,C:\Users\Leon\Desktop\QUANT\Data_Center\Data\2_Baseline\Trades\Backtest\DEMO_ACCOUNT\OOS\listOfTrades_USOIL.cash_54_4.18.190_BOTH_M15_OOS.csv,0.1,9.8,98.0,-612.5,0.0,-612.5,9.8,9.8,3923.920000000003
1130,USOIL.cash,BUY,2025-04-29 06:00:00+00:00,2025-04-29 10:44:40+00:00,61.947,61.322,-6.25,-6.25,4.18.190,DEMO,OOS,0.0,0.1,0.1,DEMO_ACCOUNT,0.1,C:\Users\Leon\Desktop\QUANT\Data_Center\Data\2_Baseline\Trades\Backtest\DEMO_ACCOUNT\OOS\listOfTrades_USOIL.cash_54_4.18.190_BOTH_M15_OOS.csv,0.1,9.8,98.0,-612.5,0.0,-612.5,9.8,9.8,3311.420000000003
1132,USOIL.cash,BUY,2025-04-30 05:45:00+00:00,2025-04-30 10:40:40+00:00,60.206,59.581,-6.25,-6.25,4.18.190,DEMO,OOS,0.0,0.1,0.1,DEMO_ACCOUNT,0.1,C:\Users\Leon\Desktop\QUANT\Data_Center\Data\2_Baseline\Trades\Backtest\DEMO_ACCOUNT\OOS\listOfTrades_USOIL.cash_54_4.18.190_BOTH_M15_OOS.csv,0.1,9.8,98.0,-612.5,0.0,-612.5,9.8,9.8,2698.920000000003
1134,USOIL.cash,BUY,2025-05-07 16:30:00+00:00,2025-05-07 19:06:40+00:00,59.066,58.441,-6.25,-6.25,4.18.190,DEMO,OOS,0.0,0.1,0.1,DEMO_ACCOUNT,0.1,C:\Users\Leon\Desktop\QUANT\Data_Center\Data\2_Baseline\Trades\Backtest\DEMO_ACCOUNT\OOS\listOfTrades_USOIL.cash_54_4.18.190_BOTH_M15_OOS.csv,0.1,9.8,98.0,-612.5,0.0,-612.5,9.8,9.8,2086.420000000003
1136,USOIL.cash,BUY,2025-05-08 09:30:00+00:00,2025-05-08 13:13:40+00:00,58.36,58.995,6.35,6.35,4.18.190,DEMO,OOS,0.0,0.1,0.1,DEMO_ACCOUNT,0.1,C:\Users\Leon\Desktop\QUANT\Data_Center\Data\2_Baseline\Trades\Backtest\DEMO_ACCOUNT\OOS\listOfTrades_USOIL.cash_54_4.18.190_BOTH_M15_OOS.csv,0.1,9.8,98.0,622.3,0.0,622.3,9.8,9.8,2708.720000000003
1138,USOIL.cash,BUY,2025-05-09 16:15:00+00:00,2025-05-09 23:45:00+00:00,60.634,61.163,5.29,5.29,4.18.190,DEMO,OOS,0.0,0.1,0.1,DEMO_ACCOUNT,0.1,C:\Users\Leon\Desktop\QUANT\Data_Center\Data\2_Baseline\Trades\Backtest\DEMO_ACCOUNT\OOS\listOfTrades_USOIL.cash_54_4.18.190_BOTH_M15_OOS.csv,0.1,9.8,98.0,518.42,0.0,518.42,9.8,9.8,3227.140000000003
1140,USOIL.cash,BUY,2025-05-15 09:00:00+00:00,2025-05-15 10:18:40+00:00,61.391,60.766,-6.25,-6.25,4.18.190,DEMO,OOS,0.0,0.1,0.1,DEMO_ACCOUNT,0.1,C:\Users\Leon\Desktop\QUANT\Data_Center\Data\2_Baseline\Trades\Backtest\DEMO_ACCOUNT\OOS\listOfTrades_USOIL.cash_54_4.18.190_BOTH_M15_OOS.csv,0.1,9.8,98.0,-612.5,0.0,-612.5,9.8,9.8,2614.640000000003
1142,USOIL.cash,BUY,2025-05-16 04:00:00+00:00,2025-05-16 07:48:20+00:00,61.573,62.208,6.35,6.35,4.18.190,DEMO,OOS,0.0,0.1,0.1,DEMO_ACCOUNT,0.1,C:\Users\Leon\Desktop\QUANT\Data_Center\Data\2_Baseline\Trades\Backtest\DEMO_ACCOUNT\OOS\listOfTrades_USOIL.cash_54_4.18.190_BOTH_M15_OOS.csv,0.1,9.8,98.0,622.3,0.0,622.3,9.8,9.8,3236.9400000000032
1144,USOIL.cash,BUY,2025-05-20 08:00:00+00:00,2025-05-20 11:07:40+00:00,62.345,62.98,6.35,6.35,4.18.190,DEMO,OOS,0.0,0.1,0.1,DEMO_ACCOUNT,0.1,C:\Users\Leon\Desktop\QUANT\Data_Center\Data\2_Baseline\Trades\Backtest\DEMO_ACCOUNT\OOS\listOfTrades_USOIL.cash_54_4.18.190_BOTH_M15_OOS.csv,0.1,9.8,98.0,622.3,0.0,622.3,9.8,9.8,3859.2400000000034
1146,USOIL.cash,BUY,2025-05-21 09:15:00+00:00,2025-05-21 17:11:40+00:00,63.171,62.546,-6.25,-6.25,4.18.190,DEMO,OOS,0.0,0.1,0.1,DEMO_ACCOUNT,0.1,C:\Users\Leon\Desktop\QUANT\Data_Center\Data\2_Baseline\Trades\Backtest\DEMO_ACCOUNT\OOS\listOfTrades_USOIL.cash_54_4.18.190_BOTH_M15_OOS.csv,0.1,9.8,98.0,-612.5,0.0,-612.5,9.8,9.8,3246.7400000000034
1148,USOIL.cash,BUY,2025-05-22 04:30:00+00:00,2025-05-22 09:50:40+00:00,61.571,60.946,-6.25,-6.25,4.18.190,DEMO,OOS,0.0,0.1,0.1,DEMO_ACCOUNT,0.1,C:\Users\Leon\Desktop\QUANT\Data_Center\Data\2_Baseline\Trades\Backtest\DEMO_ACCOUNT\OOS\listOfTrades_USOIL.cash_54_4.18.190_BOTH_M15_OOS.csv,0.1,9.8,98.0,-612.5,0.0,-612.5,9.8,9.8,2634.2400000000034
1150,USOIL.cash,BUY,2025-05-23 10:45:00+00:00,2025-05-23 13:41:40+00:00,61.012,61.647,6.35,6.35,4.18.190,DEMO,OOS,0.0,0.1,0.1,DEMO_ACCOUNT,0.1,C:\Users\Leon\Desktop\QUANT\Data_Center\Data\2_Baseline\Trades\Backtest\DEMO_ACCOUNT\OOS\listOfTrades_USOIL.cash_54_4.18.190_BOTH_M15_OOS.csv,0.1,9.8,98.0,622.3,0.0,622.3,9.8,9.8,3256.5400000000036
1152,USOIL.cash,BUY,2025-05-27 16:15:00+00:00,2025-05-27 23:45:00+00:00,61.137,61.366,2.29,2.29,4.18.190,DEMO,OOS,0.0,0.1,0.1,DEMO_ACCOUNT,0.1,C:\Users\Leon\Desktop\QUANT\Data_Center\Data\2_Baseline\Trades\Backtest\DEMO_ACCOUNT\OOS\listOfTrades_USOIL.cash_54_4.18.190_BOTH_M15_OOS.csv,0.1,9.8,98.0,224.42000000000002,0.0,224.42000000000002,9.8,9.8,3480.9600000000037
1154,USOIL.cash,BUY,2025-05-28 09:15:00+00:00,2025-05-28 15:52:40+00:00,61.367,62.002,6.35,6.35,4.18.190,DEMO,OOS,0.0,0.1,0.1,DEMO_ACCOUNT,0.1,C:\Users\Leon\Desktop\QUANT\Data_Center\Data\2_Baseline\Trades\Backtest\DEMO_ACCOUNT\OOS\listOfTrades_USOIL.cash_54_4.18.190_BOTH_M15_OOS.csv,0.1,9.8,98.0,622.3,0.0,622.3,9.8,9.8,4103.260000000004
1156,USOIL.cash,BUY,2025-05-29 11:45:00+00:00,2025-05-29 13:51:40+00:00,62.824,62.199,-6.25,-6.25,4.18.190,DEMO,OOS,0.0,0.1,0.1,DEMO_ACCOUNT,0.1,C:\Users\Leon\Desktop\QUANT\Data_Center\Data\2_Baseline\Trades\Backtest\DEMO_ACCOUNT\OOS\listOfTrades_USOIL.cash_54_4.18.190_BOTH_M15_OOS.csv,0.1,9.8,98.0,-612.5,0.0,-612.5,9.8,9.8,3490.760000000004
1158,USOIL.cash,BUY,2025-05-30 02:45:00+00:00,2025-05-30 13:51:40+00:00,61.089,61.724,6.35,6.35,4.18.190,DEMO,OOS,0.0,0.1,0.1,DEMO_ACCOUNT,0.1,C:\Users\Leon\Desktop\QUANT\Data_Center\Data\2_Baseline\Trades\Backtest\DEMO_ACCOUNT\OOS\listOfTrades_USOIL.cash_54_4.18.190_BOTH_M15_OOS.csv,0.1,9.8,98.0,622.3,0.0,622.3,9.8,9.8,4113.060000000004
1160,USOIL.cash,BUY,2025-06-03 05:30:00+00:00,2025-06-03 17:25:40+00:00,63.123,63.758,6.35,6.35,4.18.190,DEMO,OOS,0.0,0.1,0.1,DEMO_ACCOUNT,0.1,C:\Users\Leon\Desktop\QUANT\Data_Center\Data\2_Baseline\Trades\Backtest\DEMO_ACCOUNT\OOS\listOfTrades_USOIL.cash_54_4.18.190_BOTH_M15_OOS.csv,0.1,9.8,98.0,622.3,0.0,622.3,9.8,9.8,4735.360000000004
1162,USOIL.cash,BUY,2025-06-04 03:00:00+00:00,2025-06-04 18:17:40+00:00,63.504,62.879,-6.25,-6.25,4.18.190,DEMO,OOS,0.0,0.1,0.1,DEMO_ACCOUNT,0.1,C:\Users\Leon\Desktop\QUANT\Data_Center\Data\2_Baseline\Trades\Backtest\DEMO_ACCOUNT\OOS\listOfTrades_USOIL.cash_54_4.18.190_BOTH_M15_OOS.csv,0.1,9.8,98.0,-612.5,0.0,-612.5,9.8,9.8,4122.860000000004
1164,USOIL.cash,BUY,2025-06-06 01:15:30+00:00,2025-06-06 16:30:40+00:00,63.365,64.0,6.35,6.35,4.18.190,DEMO,OOS,0.0,0.1,0.1,DEMO_ACCOUNT,0.1,C:\Users\Leon\Desktop\QUANT\Data_Center\Data\2_Baseline\Trades\Backtest\DEMO_ACCOUNT\OOS\listOfTrades_USOIL.cash_54_4.18.190_BOTH_M15_OOS.csv,0.1,9.8,98.0,622.3,0.0,622.3,9.8,9.8,4745.160000000004
1166,USOIL.cash,BUY,2025-06-10 10:45:00+00:00,2025-06-10 16:57:20+00:00,65.3,65.935,6.35,6.35,4.18.190,DEMO,OOS,0.0,0.1,0.1,DEMO_ACCOUNT,0.1,C:\Users\Leon\Desktop\QUANT\Data_Center\Data\2_Baseline\Trades\Backtest\DEMO_ACCOUNT\OOS\listOfTrades_USOIL.cash_54_4.18.190_BOTH_M15_OOS.csv,0.1,9.8,98.0,622.3,0.0,622.3,9.8,9.8,5367.460000000005
1168,USOIL.cash,BUY,2025-06-11 12:15:00+00:00,2025-06-11 12:51:40+00:00,64.821,65.456,6.35,6.35,4.18.190,DEMO,OOS,0.0,0.1,0.1,DEMO_ACCOUNT,0.1,C:\Users\Leon\Desktop\QUANT\Data_Center\Data\2_Baseline\Trades\Backtest\DEMO_ACCOUNT\OOS\listOfTrades_USOIL.cash_54_4.18.190_BOTH_M15_OOS.csv,0.1,9.8,98.0,622.3,0.0,622.3,9.8,9.8,5989.760000000005
1170,USOIL.cash,BUY,2025-06-19 04:00:00+00:00,2025-06-19 04:05:20+00:00,74.284,74.919,6.35,6.35,4.18.190,DEMO,OOS,0.0,0.1,0.1,DEMO_ACCOUNT,0.1,C:\Users\Leon\Desktop\QUANT\Data_Center\Data\2_Baseline\Trades\Backtest\DEMO_ACCOUNT\OOS\listOfTrades_USOIL.cash_54_4.18.190_BOTH_M15_OOS.csv,0.1,9.8,98.0,622.3,0.0,622.3,9.8,9.8,6612.060000000005
1172,USOIL.cash,BUY,2025-06-20 01:15:00+00:00,2025-06-20 02:11:40+00:00,74.272,74.907,6.35,6.35,4.18.190,DEMO,OOS,0.0,0.1,0.1,DEMO_ACCOUNT,0.1,C:\Users\Leon\Desktop\QUANT\Data_Center\Data\2_Baseline\Trades\Backtest\DEMO_ACCOUNT\OOS\listOfTrades_USOIL.cash_54_4.18.190_BOTH_M15_OOS.csv,0.1,9.8,98.0,622.3,0.0,622.3,9.8,9.8,7234.360000000005
1174,USOIL.cash,BUY,2025-06-24 01:15:00+00:00,2025-06-24 01:30:20+00:00,66.422,67.057,6.35,6.35,4.18.190,DEMO,OOS,0.0,0.1,0.1,DEMO_ACCOUNT,0.1,C:\Users\Leon\Desktop\QUANT\Data_Center\Data\2_Baseline\Trades\Backtest\DEMO_ACCOUNT\OOS\listOfTrades_USOIL.cash_54_4.18.190_BOTH_M15_OOS.csv,0.1,9.8,98.0,622.3,0.0,622.3,9.8,9.8,7856.660000000005
1176,USOIL.cash,BUY,2025-07-01 05:00:00+00:00,2025-07-01 13:37:40+00:00,65.581,66.216,6.35,6.35,4.18.190,DEMO,OOS,0.0,0.1,0.1,DEMO_ACCOUNT,0.1,C:\Users\Leon\Desktop\QUANT\Data_Center\Data\2_Baseline\Trades\Backtest\DEMO_ACCOUNT\OOS\listOfTrades_USOIL.cash_54_4.18.190_BOTH_M15_OOS.csv,0.1,9.8,98.0,622.3,0.0,622.3,9.8,9.8,8478.960000000005
1178,USOIL.cash,BUY,2025-07-02 09:30:00+00:00,2025-07-02 12:28:40+00:00,66.043,66.678,6.35,6.35,4.18.190,DEMO,OOS,0.0,0.1,0.1,DEMO_ACCOUNT,0.1,C:\Users\Leon\Desktop\QUANT\Data_Center\Data\2_Baseline\Trades\Backtest\DEMO_ACCOUNT\OOS\listOfTrades_USOIL.cash_54_4.18.190_BOTH_M15_OOS.csv,0.1,9.8,98.0,622.3,0.0,622.3,9.8,9.8,9101.260000000004
1180,USOIL.cash,BUY,2025-07-03 04:15:00+00:00,2025-07-03 23:45:00+00:00,67.775,67.834,0.59,0.59,4.18.190,DEMO,OOS,0.0,0.1,0.1,DEMO_ACCOUNT,0.1,C:\Users\Leon\Desktop\QUANT\Data_Center\Data\2_Baseline\Trades\Backtest\DEMO_ACCOUNT\OOS\listOfTrades_USOIL.cash_54_4.18.190_BOTH_M15_OOS.csv,0.1,9.8,98.0,57.82,0.0,57.82,9.8,9.8,9159.080000000004
1182,USOIL.cash,BUY,2025-07-04 03:15:00+00:00,2025-07-04 12:07:40+00:00,67.666,67.041,-6.25,-6.25,4.18.190,DEMO,OOS,0.0,0.1,0.1,DEMO_ACCOUNT,0.1,C:\Users\Leon\Desktop\QUANT\Data_Center\Data\2_Baseline\Trades\Backtest\DEMO_ACCOUNT\OOS\listOfTrades_USOIL.cash_54_4.18.190_BOTH_M15_OOS.csv,0.1,9.8,98.0,-612.5,0.0,-612.5,9.8,9.8,8546.580000000004
1184,USOIL.cash,BUY,2025-07-08 04:15:00+00:00,2025-07-08 17:38:00+00:00,67.907,68.542,6.35,6.35,4.18.190,DEMO,OOS,0.0,0.1,0.1,DEMO_ACCOUNT,0.1,C:\Users\Leon\Desktop\QUANT\Data_Center\Data\2_Baseline\Trades\Backtest\DEMO_ACCOUNT\OOS\listOfTrades_USOIL.cash_54_4.18.190_BOTH_M15_OOS.csv,0.1,9.8,98.0,622.3,0.0,622.3,9.8,9.8,9168.880000000003
1186,USOIL.cash,BUY,2025-07-09 16:15:00+00:00,2025-07-09 19:53:40+00:00,68.479,69.114,6.35,6.35,4.18.190,DEMO,OOS,0.0,0.1,0.1,DEMO_ACCOUNT,0.1,C:\Users\Leon\Desktop\QUANT\Data_Center\Data\2_Baseline\Trades\Backtest\DEMO_ACCOUNT\OOS\listOfTrades_USOIL.cash_54_4.18.190_BOTH_M15_OOS.csv,0.1,9.8,98.0,622.3,0.0,622.3,9.8,9.8,9791.180000000002
1188,USOIL.cash,BUY,2025-07-10 03:15:00+00:00,2025-07-10 14:46:20+00:00,68.4,67.775,-6.25,-6.25,4.18.190,DEMO,OOS,0.0,0.1,0.1,DEMO_ACCOUNT,0.1,C:\Users\Leon\Desktop\QUANT\Data_Center\Data\2_Baseline\Trades\Backtest\DEMO_ACCOUNT\OOS\listOfTrades_USOIL.cash_54_4.18.190_BOTH_M15_OOS.csv,0.1,9.8,98.0,-612.5,0.0,-612.5,9.8,9.8,9178.680000000002
1190,USOIL.cash,BUY,2025-07-11 04:00:00+00:00,2025-07-11 14:37:40+00:00,66.982,67.617,6.35,6.35,4.18.190,DEMO,OOS,0.0,0.1,0.1,DEMO_ACCOUNT,0.1,C:\Users\Leon\Desktop\QUANT\Data_Center\Data\2_Baseline\Trades\Backtest\DEMO_ACCOUNT\OOS\listOfTrades_USOIL.cash_54_4.18.190_BOTH_M15_OOS.csv,0.1,9.8,98.0,622.3,0.0,622.3,9.8,9.8,9800.980000000001
1192,USOIL.cash,BUY,2025-07-15 03:15:00+00:00,2025-07-15 23:45:00+00:00,66.807,66.881,0.74,0.74,4.18.190,DEMO,OOS,0.0,0.1,0.1,DEMO_ACCOUNT,0.1,C:\Users\Leon\Desktop\QUANT\Data_Center\Data\2_Baseline\Trades\Backtest\DEMO_ACCOUNT\OOS\listOfTrades_USOIL.cash_54_4.18.190_BOTH_M15_OOS.csv,0.1,9.8,98.0,72.52,0.0,72.52,9.8,9.8,9873.500000000002
1194,USOIL.cash,BUY,2025-07-16 11:00:00+00:00,2025-07-16 14:26:40+00:00,66.659,66.034,-6.25,-6.25,4.18.190,DEMO,OOS,0.0,0.1,0.1,DEMO_ACCOUNT,0.1,C:\Users\Leon\Desktop\QUANT\Data_Center\Data\2_Baseline\Trades\Backtest\DEMO_ACCOUNT\OOS\listOfTrades_USOIL.cash_54_4.18.190_BOTH_M15_OOS.csv,0.1,9.8,98.0,-612.5,0.0,-612.5,9.8,9.8,9261.000000000002
1196,USOIL.cash,BUY,2025-07-17 09:15:00+00:00,2025-07-17 19:29:40+00:00,66.545,67.18,6.35,6.35,4.18.190,DEMO,OOS,0.0,0.1,0.1,DEMO_ACCOUNT,0.1,C:\Users\Leon\Desktop\QUANT\Data_Center\Data\2_Baseline\Trades\Backtest\DEMO_ACCOUNT\OOS\listOfTrades_USOIL.cash_54_4.18.190_BOTH_M15_OOS.csv,0.1,9.8,98.0,622.3,0.0,622.3,9.8,9.8,9883.300000000001
1198,USOIL.cash,BUY,2025-07-18 03:15:00+00:00,2025-07-18 09:31:40+00:00,67.367,68.002,6.35,6.35,4.18.190,DEMO,OOS,0.0,0.1,0.1,DEMO_ACCOUNT,0.1,C:\Users\Leon\Desktop\QUANT\Data_Center\Data\2_Baseline\Trades\Backtest\DEMO_ACCOUNT\OOS\listOfTrades_USOIL.cash_54_4.18.190_BOTH_M15_OOS.csv,0.1,9.8,98.0,622.3,0.0,622.3,9.8,9.8,10505.6
1200,USOIL.cash,BUY,2025-07-22 03:45:00+00:00,2025-07-22 11:00:40+00:00,66.733,66.108,-6.25,-6.25,4.18.190,DEMO,OOS,0.0,0.1,0.1,DEMO_ACCOUNT,0.1,C:\Users\Leon\Desktop\QUANT\Data_Center\Data\2_Baseline\Trades\Backtest\DEMO_ACCOUNT\OOS\listOfTrades_USOIL.cash_54_4.18.190_BOTH_M15_OOS.csv,0.1,9.8,98.0,-612.5,0.0,-612.5,9.8,9.8,9893.1
1202,USOIL.cash,BUY,2025-07-23 09:15:00+00:00,2025-07-23 23:45:00+00:00,66.265,66.38,1.15,1.15,4.18.190,DEMO,OOS,0.0,0.1,0.1,DEMO_ACCOUNT,0.1,C:\Users\Leon\Desktop\QUANT\Data_Center\Data\2_Baseline\Trades\Backtest\DEMO_ACCOUNT\OOS\listOfTrades_USOIL.cash_54_4.18.190_BOTH_M15_OOS.csv,0.1,9.8,98.0,112.69999999999999,0.0,112.69999999999999,9.8,9.8,10005.800000000001
1204,USOIL.cash,BUY,2025-07-24 20:00:00+00:00,2025-07-24 21:30:40+00:00,66.362,66.997,6.35,6.35,4.18.190,DEMO,OOS,0.0,0.1,0.1,DEMO_ACCOUNT,0.1,C:\Users\Leon\Desktop\QUANT\Data_Center\Data\2_Baseline\Trades\Backtest\DEMO_ACCOUNT\OOS\listOfTrades_USOIL.cash_54_4.18.190_BOTH_M15_OOS.csv,0.1,9.8,98.0,622.3,0.0,622.3,9.8,9.8,10628.1
1206,USOIL.cash,BUY,2025-07-25 16:45:00+00:00,2025-07-25 18:38:40+00:00,66.749,66.124,-6.25,-6.25,4.18.190,DEMO,OOS,0.0,0.1,0.1,DEMO_ACCOUNT,0.1,C:\Users\Leon\Desktop\QUANT\Data_Center\Data\2_Baseline\Trades\Backtest\DEMO_ACCOUNT\OOS\listOfTrades_USOIL.cash_54_4.18.190_BOTH_M15_OOS.csv,0.1,9.8,98.0,-612.5,0.0,-612.5,9.8,9.8,10015.6
1208,USOIL.cash,BUY,2025-07-29 03:15:00+00:00,2025-07-29 16:57:40+00:00,67.584,68.219,6.35,6.35,4.18.190,DEMO,OOS,0.0,0.1,0.1,DEMO_ACCOUNT,0.1,C:\Users\Leon\Desktop\QUANT\Data_Center\Data\2_Baseline\Trades\Backtest\DEMO_ACCOUNT\OOS\listOfTrades_USOIL.cash_54_4.18.190_BOTH_M15_OOS.csv,0.1,9.8,98.0,622.3,0.0,622.3,9.8,9.8,10637.9
1210,USOIL.cash,BUY,2025-07-30 06:15:00+00:00,2025-07-30 10:46:40+00:00,69.776,70.411,6.35,6.35,4.18.190,DEMO,OOS,0.0,0.1,0.1,DEMO_ACCOUNT,0.1,C:\Users\Leon\Desktop\QUANT\Data_Center\Data\2_Baseline\Trades\Backtest\DEMO_ACCOUNT\OOS\listOfTrades_USOIL.cash_54_4.18.190_BOTH_M15_OOS.csv,0.1,9.8,98.0,622.3,0.0,622.3,9.8,9.8,11260.199999999999
1212,USOIL.cash,BUY,2025-08-01 09:30:00+00:00,2025-08-01 14:19:40+00:00,69.704,69.079,-6.25,-6.25,4.18.190,DEMO,OOS,0.0,0.1,0.1,DEMO_ACCOUNT,0.1,C:\Users\Leon\Desktop\QUANT\Data_Center\Data\2_Baseline\Trades\Backtest\DEMO_ACCOUNT\OOS\listOfTrades_USOIL.cash_54_4.18.190_BOTH_M15_OOS.csv,0.1,9.8,98.0,-612.5,0.0,-612.5,9.8,9.8,10647.699999999999
1214,USOIL.cash,BUY,2025-08-19 04:15:00+00:00,2025-08-19 16:01:40+00:00,63.245,62.62,-6.25,-6.25,4.18.190,DEMO,OOS,0.0,0.1,0.1,DEMO_ACCOUNT,0.1,C:\Users\Leon\Desktop\QUANT\Data_Center\Data\2_Baseline\Trades\Backtest\DEMO_ACCOUNT\OOS\listOfTrades_USOIL.cash_54_4.18.190_BOTH_M15_OOS.csv,0.1,9.8,98.0,-612.5,0.0,-612.5,9.8,9.8,10035.199999999999
1216,USOIL.cash,BUY,2025-08-20 05:00:00+00:00,2025-08-20 10:30:40+00:00,62.711,63.346,6.35,6.35,4.18.190,DEMO,OOS,0.0,0.1,0.1,DEMO_ACCOUNT,0.1,C:\Users\Leon\Desktop\QUANT\Data_Center\Data\2_Baseline\Trades\Backtest\DEMO_ACCOUNT\OOS\listOfTrades_USOIL.cash_54_4.18.190_BOTH_M15_OOS.csv,0.1,9.8,98.0,622.3,0.0,622.3,9.8,9.8,10657.499999999998
1218,USOIL.cash,BUY,2025-08-21 14:45:00+00:00,2025-08-21 23:45:00+00:00,63.882,64.227,3.45,3.45,4.18.190,DEMO,OOS,0.0,0.1,0.1,DEMO_ACCOUNT,0.1,C:\Users\Leon\Desktop\QUANT\Data_Center\Data\2_Baseline\Trades\Backtest\DEMO_ACCOUNT\OOS\listOfTrades_USOIL.cash_54_4.18.190_BOTH_M15_OOS.csv,0.1,9.8,98.0,338.1,0.0,338.1,9.8,9.8,10995.599999999999
1220,USOIL.cash,BUY,2025-08-22 04:15:00+00:00,2025-08-22 23:46:00+00:00,64.153,64.538,3.85,3.85,4.18.190,DEMO,OOS,0.0,0.1,0.1,DEMO_ACCOUNT,0.1,C:\Users\Leon\Desktop\QUANT\Data_Center\Data\2_Baseline\Trades\Backtest\DEMO_ACCOUNT\OOS\listOfTrades_USOIL.cash_54_4.18.190_BOTH_M15_OOS.csv,0.1,9.8,98.0,377.3,0.0,377.3,9.8,9.8,11372.899999999998
1222,USOIL.cash,BUY,2025-08-26 03:15:00+00:00,2025-08-26 11:01:40+00:00,65.281,64.656,-6.25,-6.25,4.18.190,DEMO,OOS,0.0,0.1,0.1,DEMO_ACCOUNT,0.1,C:\Users\Leon\Desktop\QUANT\Data_Center\Data\2_Baseline\Trades\Backtest\DEMO_ACCOUNT\OOS\listOfTrades_USOIL.cash_54_4.18.190_BOTH_M15_OOS.csv,0.1,9.8,98.0,-612.5,0.0,-612.5,9.8,9.8,10760.399999999998
1224,USOIL.cash,BUY,2025-08-27 04:15:00+00:00,2025-08-27 17:33:40+00:00,63.837,64.472,6.35,6.35,4.18.190,DEMO,OOS,0.0,0.1,0.1,DEMO_ACCOUNT,0.1,C:\Users\Leon\Desktop\QUANT\Data_Center\Data\2_Baseline\Trades\Backtest\DEMO_ACCOUNT\OOS\listOfTrades_USOIL.cash_54_4.18.190_BOTH_M15_OOS.csv,0.1,9.8,98.0,622.3,0.0,622.3,9.8,9.8,11382.699999999997
1226,USOIL.cash,BUY,2025-08-28 04:45:00+00:00,2025-08-28 21:01:40+00:00,64.323,64.958,6.35,6.35,4.18.190,DEMO,OOS,0.0,0.1,0.1,DEMO_ACCOUNT,0.1,C:\Users\Leon\Desktop\QUANT\Data_Center\Data\2_Baseline\Trades\Backtest\DEMO_ACCOUNT\OOS\listOfTrades_USOIL.cash_54_4.18.190_BOTH_M15_OOS.csv,0.1,9.8,98.0,622.3,0.0,622.3,9.8,9.8,12004.999999999996
1228,USOIL.cash,BUY,2025-08-29 05:15:00+00:00,2025-08-29 23:45:00+00:00,64.609,64.524,-0.85,-0.85,4.18.190,DEMO,OOS,0.0,0.1,0.1,DEMO_ACCOUNT,0.1,C:\Users\Leon\Desktop\QUANT\Data_Center\Data\2_Baseline\Trades\Backtest\DEMO_ACCOUNT\OOS\listOfTrades_USOIL.cash_54_4.18.190_BOTH_M15_OOS.csv,0.1,9.8,98.0,-83.3,0.0,-83.3,9.8,9.8,11921.699999999997
1230,USOIL.cash,BUY,2025-09-02 01:15:00+00:00,2025-09-02 10:05:40+00:00,65.008,65.643,6.35,6.35,4.18.190,DEMO,OOS,0.0,0.1,0.1,DEMO_ACCOUNT,0.1,C:\Users\Leon\Desktop\QUANT\Data_Center\Data\2_Baseline\Trades\Backtest\DEMO_ACCOUNT\OOS\listOfTrades_USOIL.cash_54_4.18.190_BOTH_M15_OOS.csv,0.1,9.8,98.0,622.3,0.0,622.3,9.8,9.8,12543.999999999996
1232,USOIL.cash,BUY,2025-09-03 06:15:00+00:00,2025-09-03 12:33:40+00:00,65.908,65.283,-6.25,-6.25,4.18.190,DEMO,OOS,0.0,0.1,0.1,DEMO_ACCOUNT,0.1,C:\Users\Leon\Desktop\QUANT\Data_Center\Data\2_Baseline\Trades\Backtest\DEMO_ACCOUNT\OOS\listOfTrades_USOIL.cash_54_4.18.190_BOTH_M15_OOS.csv,0.1,9.8,98.0,-612.5,0.0,-612.5,9.8,9.8,11931.499999999996
1234,USOIL.cash,BUY,2025-09-04 05:15:00+00:00,2025-09-04 13:35:40+00:00,63.924,63.299,-6.25,-6.25,4.18.190,DEMO,OOS,0.0,0.1,0.1,DEMO_ACCOUNT,0.1,C:\Users\Leon\Desktop\QUANT\Data_Center\Data\2_Baseline\Trades\Backtest\DEMO_ACCOUNT\OOS\listOfTrades_USOIL.cash_54_4.18.190_BOTH_M15_OOS.csv,0.1,9.8,98.0,-612.5,0.0,-612.5,9.8,9.8,11318.999999999996
1236,USOIL.cash,BUY,2025-09-05 04:15:00+00:00,2025-09-05 15:38:40+00:00,63.575,62.95,-6.25,-6.25,4.18.190,DEMO,OOS,0.0,0.1,0.1,DEMO_ACCOUNT,0.1,C:\Users\Leon\Desktop\QUANT\Data_Center\Data\2_Baseline\Trades\Backtest\DEMO_ACCOUNT\OOS\listOfTrades_USOIL.cash_54_4.18.190_BOTH_M15_OOS.csv,0.1,9.8,98.0,-612.5,0.0,-612.5,9.8,9.8,10706.499999999996
1238,USOIL.cash,BUY,2025-09-10 12:30:00+00:00,2025-09-10 18:09:40+00:00,63.245,63.88,6.35,6.35,4.18.190,DEMO,OOS,0.0,0.1,0.1,DEMO_ACCOUNT,0.1,C:\Users\Leon\Desktop\QUANT\Data_Center\Data\2_Baseline\Trades\Backtest\DEMO_ACCOUNT\OOS\listOfTrades_USOIL.cash_54_4.18.190_BOTH_M15_OOS.csv,0.1,9.8,98.0,622.3,0.0,622.3,9.8,9.8,11328.799999999996
1240,USOIL.cash,BUY,2025-09-11 04:15:30+00:00,2025-09-11 14:30:40+00:00,63.8,63.175,-6.25,-6.25,4.18.190,DEMO,OOS,0.0,0.1,0.1,DEMO_ACCOUNT,0.1,C:\Users\Leon\Desktop\QUANT\Data_Center\Data\2_Baseline\Trades\Backtest\DEMO_ACCOUNT\OOS\listOfTrades_USOIL.cash_54_4.18.190_BOTH_M15_OOS.csv,0.1,9.8,98.0,-612.5,0.0,-612.5,9.8,9.8,10716.299999999996
1242,USOIL.cash,BUY,2025-09-12 03:15:30+00:00,2025-09-12 12:22:40+00:00,62.246,62.881,6.35,6.35,4.18.190,DEMO,OOS,0.0,0.1,0.1,DEMO_ACCOUNT,0.1,C:\Users\Leon\Desktop\QUANT\Data_Center\Data\2_Baseline\Trades\Backtest\DEMO_ACCOUNT\OOS\listOfTrades_USOIL.cash_54_4.18.190_BOTH_M15_OOS.csv,0.1,9.8,98.0,622.3,0.0,622.3,9.8,9.8,11338.599999999995
1244,USOIL.cash,BUY,2025-09-16 10:00:00+00:00,2025-09-16 15:19:40+00:00,63.339,63.974,6.35,6.35,4.18.190,DEMO,OOS,0.0,0.1,0.1,DEMO_ACCOUNT,0.1,C:\Users\Leon\Desktop\QUANT\Data_Center\Data\2_Baseline\Trades\Backtest\DEMO_ACCOUNT\OOS\listOfTrades_USOIL.cash_54_4.18.190_BOTH_M15_OOS.csv,0.1,9.8,98.0,622.3,0.0,622.3,9.8,9.8,11960.899999999994
1246,USOIL.cash,BUY,2025-09-17 04:15:00+00:00,2025-09-17 13:35:40+00:00,64.5,63.875,-6.25,-6.25,4.18.190,DEMO,OOS,0.0,0.1,0.1,DEMO_ACCOUNT,0.1,C:\Users\Leon\Desktop\QUANT\Data_Center\Data\2_Baseline\Trades\Backtest\DEMO_ACCOUNT\OOS\listOfTrades_USOIL.cash_54_4.18.190_BOTH_M15_OOS.csv,0.1,9.8,98.0,-612.5,0.0,-612.5,9.8,9.8,11348.399999999994
1248,USOIL.cash,BUY,2025-09-18 04:00:00+00:00,2025-09-18 17:15:40+00:00,63.852,64.487,6.35,6.35,4.18.190,DEMO,OOS,0.0,0.1,0.1,DEMO_ACCOUNT,0.1,C:\Users\Leon\Desktop\QUANT\Data_Center\Data\2_Baseline\Trades\Backtest\DEMO_ACCOUNT\OOS\listOfTrades_USOIL.cash_54_4.18.190_BOTH_M15_OOS.csv,0.1,9.8,98.0,622.3,0.0,622.3,9.8,9.8,11970.699999999993
1250,USOIL.cash,BUY,2025-09-19 05:15:00+00:00,2025-09-19 13:19:40+00:00,63.51,62.885,-6.25,-6.25,4.18.190,DEMO,OOS,0.0,0.1,0.1,DEMO_ACCOUNT,0.1,C:\Users\Leon\Desktop\QUANT\Data_Center\Data\2_Baseline\Trades\Backtest\DEMO_ACCOUNT\OOS\listOfTrades_USOIL.cash_54_4.18.190_BOTH_M15_OOS.csv,0.1,9.8,98.0,-612.5,0.0,-612.5,9.8,9.8,11358.199999999993
1252,USOIL.cash,BUY,2025-09-23 04:15:00+00:00,2025-09-23 13:18:40+00:00,62.484,63.119,6.35,6.35,4.18.190,DEMO,OOS,0.0,0.1,0.1,DEMO_ACCOUNT,0.1,C:\Users\Leon\Desktop\QUANT\Data_Center\Data\2_Baseline\Trades\Backtest\DEMO_ACCOUNT\OOS\listOfTrades_USOIL.cash_54_4.18.190_BOTH_M15_OOS.csv,0.1,9.8,98.0,622.3,0.0,622.3,9.8,9.8,11980.499999999993
1254,USOIL.cash,BUY,2025-09-24 05:15:00+00:00,2025-09-24 15:18:40+00:00,63.867,64.502,6.35,6.35,4.18.190,DEMO,OOS,0.0,0.1,0.1,DEMO_ACCOUNT,0.1,C:\Users\Leon\Desktop\QUANT\Data_Center\Data\2_Baseline\Trades\Backtest\DEMO_ACCOUNT\OOS\listOfTrades_USOIL.cash_54_4.18.190_BOTH_M15_OOS.csv,0.1,9.8,98.0,622.3,0.0,622.3,9.8,9.8,12602.799999999992
1256,USOIL.cash,BUY,2025-09-25 10:45:00+00:00,2025-09-25 21:50:40+00:00,64.857,65.492,6.35,6.35,4.18.190,DEMO,OOS,0.0,0.1,0.1,DEMO_ACCOUNT,0.1,C:\Users\Leon\Desktop\QUANT\Data_Center\Data\2_Baseline\Trades\Backtest\DEMO_ACCOUNT\OOS\listOfTrades_USOIL.cash_54_4.18.190_BOTH_M15_OOS.csv,0.1,9.8,98.0,622.3,0.0,622.3,9.8,9.8,13225.099999999991
1258,USOIL.cash,BUY,2025-09-26 10:30:00+00:00,2025-09-26 17:06:40+00:00,65.349,65.984,6.35,6.35,4.18.190,DEMO,OOS,0.0,0.1,0.1,DEMO_ACCOUNT,0.1,C:\Users\Leon\Desktop\QUANT\Data_Center\Data\2_Baseline\Trades\Backtest\DEMO_ACCOUNT\OOS\listOfTrades_USOIL.cash_54_4.18.190_BOTH_M15_OOS.csv,0.1,9.8,98.0,622.3,0.0,622.3,9.8,9.8,13847.39999999999
1260,USOIL.cash,BUY,2025-09-30 06:15:00+00:00,2025-09-30 14:58:40+00:00,63.176,62.551,-6.25,-6.25,4.18.190,DEMO,OOS,0.0,0.1,0.1,DEMO_ACCOUNT,0.1,C:\Users\Leon\Desktop\QUANT\Data_Center\Data\2_Baseline\Trades\Backtest\DEMO_ACCOUNT\OOS\listOfTrades_USOIL.cash_54_4.18.190_BOTH_M15_OOS.csv,0.1,9.8,98.0,-612.5,0.0,-612.5,9.8,9.8,13234.89999999999
1262,USOIL.cash,BUY,2025-10-01 03:30:00+00:00,2025-10-01 12:42:40+00:00,62.514,61.889,-6.25,-6.25,4.18.190,DEMO,OOS,0.0,0.1,0.1,DEMO_ACCOUNT,0.1,C:\Users\Leon\Desktop\QUANT\Data_Center\Data\2_Baseline\Trades\Backtest\DEMO_ACCOUNT\OOS\listOfTrades_USOIL.cash_54_4.18.190_BOTH_M15_OOS.csv,0.1,9.8,98.0,-612.5,0.0,-612.5,9.8,9.8,12622.39999999999
1264,USOIL.cash,BUY,2025-10-07 10:30:00+00:00,2025-10-07 16:01:40+00:00,61.774,61.149,-6.25,-6.25,4.18.190,DEMO,OOS,0.0,0.1,0.1,DEMO_ACCOUNT,0.1,C:\Users\Leon\Desktop\QUANT\Data_Center\Data\2_Baseline\Trades\Backtest\DEMO_ACCOUNT\OOS\listOfTrades_USOIL.cash_54_4.18.190_BOTH_M15_OOS.csv,0.1,9.8,98.0,-612.5,0.0,-612.5,9.8,9.8,12009.89999999999
1266,USOIL.cash,BUY,2025-10-08 17:00:00+00:00,2025-10-08 18:20:40+00:00,62.327,62.962,6.35,6.35,4.18.190,DEMO,OOS,0.0,0.1,0.1,DEMO_ACCOUNT,0.1,C:\Users\Leon\Desktop\QUANT\Data_Center\Data\2_Baseline\Trades\Backtest\DEMO_ACCOUNT\OOS\listOfTrades_USOIL.cash_54_4.18.190_BOTH_M15_OOS.csv,0.1,9.8,98.0,622.3,0.0,622.3,9.8,9.8,12632.19999999999
1268,USOIL.cash,BUY,2025-10-09 01:15:00+00:00,2025-10-09 10:34:40+00:00,62.224,62.859,6.35,6.35,4.18.190,DEMO,OOS,0.0,0.1,0.1,DEMO_ACCOUNT,0.1,C:\Users\Leon\Desktop\QUANT\Data_Center\Data\2_Baseline\Trades\Backtest\DEMO_ACCOUNT\OOS\listOfTrades_USOIL.cash_54_4.18.190_BOTH_M15_OOS.csv,0.1,9.8,98.0,622.3,0.0,622.3,9.8,9.8,13254.499999999989
1270,USOIL.cash,BUY,2025-10-10 06:15:00+00:00,2025-10-10 13:19:40+00:00,61.551,60.926,-6.25,-6.25,4.18.190,DEMO,OOS,0.0,0.1,0.1,DEMO_ACCOUNT,0.1,C:\Users\Leon\Desktop\QUANT\Data_Center\Data\2_Baseline\Trades\Backtest\DEMO_ACCOUNT\OOS\listOfTrades_USOIL.cash_54_4.18.190_BOTH_M15_OOS.csv,0.1,9.8,98.0,-612.5,0.0,-612.5,9.8,9.8,12641.999999999989
1272,USOIL.cash,BUY,2025-10-28 18:00:00+00:00,2025-10-28 23:45:00+00:00,60.29,60.453,1.63,1.63,4.18.190,DEMO,OOS,0.0,0.1,0.1,DEMO_ACCOUNT,0.1,C:\Users\Leon\Desktop\QUANT\Data_Center\Data\2_Baseline\Trades\Backtest\DEMO_ACCOUNT\OOS\listOfTrades_USOIL.cash_54_4.18.190_BOTH_M15_OOS.csv,0.1,9.8,98.0,159.73999999999998,0.0,159.73999999999998,9.8,9.8,12801.739999999989
1274,USOIL.cash,BUY,2025-10-29 05:30:00+00:00,2025-10-29 17:40:40+00:00,60.349,60.984,6.35,6.35,4.18.190,DEMO,OOS,0.0,0.1,0.1,DEMO_ACCOUNT,0.1,C:\Users\Leon\Desktop\QUANT\Data_Center\Data\2_Baseline\Trades\Backtest\DEMO_ACCOUNT\OOS\listOfTrades_USOIL.cash_54_4.18.190_BOTH_M15_OOS.csv,0.1,9.8,98.0,622.3,0.0,622.3,9.8,9.8,13424.039999999988
1276,USOIL.cash,BUY,2025-10-30 02:15:00+00:00,2025-10-30 23:45:00+00:00,60.414,60.534,1.2,1.2,4.18.190,DEMO,OOS,0.0,0.1,0.1,DEMO_ACCOUNT,0.1,C:\Users\Leon\Desktop\QUANT\Data_Center\Data\2_Baseline\Trades\Backtest\DEMO_ACCOUNT\OOS\listOfTrades_USOIL.cash_54_4.18.190_BOTH_M15_OOS.csv,0.1,9.8,98.0,117.6,0.0,117.6,9.8,9.8,13541.639999999989
1278,USOIL.cash,BUY,2025-10-31 05:30:00+00:00,2025-10-31 15:37:40+00:00,60.46,61.095,6.35,6.35,4.18.190,DEMO,OOS,0.0,0.1,0.1,DEMO_ACCOUNT,0.1,C:\Users\Leon\Desktop\QUANT\Data_Center\Data\2_Baseline\Trades\Backtest\DEMO_ACCOUNT\OOS\listOfTrades_USOIL.cash_54_4.18.190_BOTH_M15_OOS.csv,0.1,9.8,98.0,622.3,0.0,622.3,9.8,9.8,14163.939999999988
1280,USOIL.cash,BUY,2025-11-04 02:45:00+00:00,2025-11-04 10:36:40+00:00,61.091,60.466,-6.25,-6.25,4.18.190,DEMO,OOS,0.0,0.1,0.1,DEMO_ACCOUNT,0.1,C:\Users\Leon\Desktop\QUANT\Data_Center\Data\2_Baseline\Trades\Backtest\DEMO_ACCOUNT\OOS\listOfTrades_USOIL.cash_54_4.18.190_BOTH_M15_OOS.csv,0.1,9.8,98.0,-612.5,0.0,-612.5,9.8,9.8,13551.439999999988
1282,USOIL.cash,BUY,2025-11-05 03:30:00+00:00,2025-11-05 08:35:20+00:00,60.227,60.862,6.35,6.35,4.18.190,DEMO,OOS,0.0,0.1,0.1,DEMO_ACCOUNT,0.1,C:\Users\Leon\Desktop\QUANT\Data_Center\Data\2_Baseline\Trades\Backtest\DEMO_ACCOUNT\OOS\listOfTrades_USOIL.cash_54_4.18.190_BOTH_M15_OOS.csv,0.1,9.8,98.0,622.3,0.0,622.3,9.8,9.8,14173.739999999987
1284,USOIL.cash,BUY,2025-11-06 10:15:00+00:00,2025-11-06 10:51:40+00:00,59.75,60.385,6.35,6.35,4.18.190,DEMO,OOS,0.0,0.1,0.1,DEMO_ACCOUNT,0.1,C:\Users\Leon\Desktop\QUANT\Data_Center\Data\2_Baseline\Trades\Backtest\DEMO_ACCOUNT\OOS\listOfTrades_USOIL.cash_54_4.18.190_BOTH_M15_OOS.csv,0.1,9.8,98.0,622.3,0.0,622.3,9.8,9.8,14796.039999999986
1286,USOIL.cash,BUY,2025-11-07 17:30:00+00:00,2025-11-07 23:45:00+00:00,59.788,59.977,1.89,1.89,4.18.190,DEMO,OOS,0.0,0.1,0.1,DEMO_ACCOUNT,0.1,C:\Users\Leon\Desktop\QUANT\Data_Center\Data\2_Baseline\Trades\Backtest\DEMO_ACCOUNT\OOS\listOfTrades_USOIL.cash_54_4.18.190_BOTH_M15_OOS.csv,0.1,9.8,98.0,185.22,0.0,185.22,9.8,9.8,14981.259999999986
1288,USOIL.cash,BUY,2025-11-11 07:45:00+00:00,2025-11-11 12:04:40+00:00,59.938,60.573,6.35,6.35,4.18.190,DEMO,OOS,0.0,0.1,0.1,DEMO_ACCOUNT,0.1,C:\Users\Leon\Desktop\QUANT\Data_Center\Data\2_Baseline\Trades\Backtest\DEMO_ACCOUNT\OOS\listOfTrades_USOIL.cash_54_4.18.190_BOTH_M15_OOS.csv,0.1,9.8,98.0,622.3,0.0,622.3,9.8,9.8,15603.559999999985
1290,USOIL.cash,BUY,2025-11-12 03:30:00+00:00,2025-11-12 15:01:40+00:00,60.958,60.333,-6.25,-6.25,4.18.190,DEMO,OOS,0.0,0.1,0.1,DEMO_ACCOUNT,0.1,C:\Users\Leon\Desktop\QUANT\Data_Center\Data\2_Baseline\Trades\Backtest\DEMO_ACCOUNT\OOS\listOfTrades_USOIL.cash_54_4.18.190_BOTH_M15_OOS.csv,0.1,9.8,98.0,-612.5,0.0,-612.5,9.8,9.8,14991.059999999985
1292,USOIL.cash,BUY,2025-11-13 01:45:00+00:00,2025-11-13 13:16:40+00:00,58.279,58.914,6.35,6.35,4.18.190,DEMO,OOS,0.0,0.1,0.1,DEMO_ACCOUNT,0.1,C:\Users\Leon\Desktop\QUANT\Data_Center\Data\2_Baseline\Trades\Backtest\DEMO_ACCOUNT\OOS\listOfTrades_USOIL.cash_54_4.18.190_BOTH_M15_OOS.csv,0.1,9.8,98.0,622.3,0.0,622.3,9.8,9.8,15613.359999999984
1294,USOIL.cash,BUY,2025-11-14 10:30:00+00:00,2025-11-14 12:13:40+00:00,59.49,60.125,6.35,6.35,4.18.190,DEMO,OOS,0.0,0.1,0.1,DEMO_ACCOUNT,0.1,C:\Users\Leon\Desktop\QUANT\Data_Center\Data\2_Baseline\Trades\Backtest\DEMO_ACCOUNT\OOS\listOfTrades_USOIL.cash_54_4.18.190_BOTH_M15_OOS.csv,0.1,9.8,98.0,622.3,0.0,622.3,9.8,9.8,16235.659999999983
1296,USOIL.cash,BUY,2025-11-18 03:30:00+00:00,2025-11-18 19:54:40+00:00,59.705,60.34,6.35,6.35,4.18.190,DEMO,OOS,0.0,0.1,0.1,DEMO_ACCOUNT,0.1,C:\Users\Leon\Desktop\QUANT\Data_Center\Data\2_Baseline\Trades\Backtest\DEMO_ACCOUNT\OOS\listOfTrades_USOIL.cash_54_4.18.190_BOTH_M15_OOS.csv,0.1,9.8,98.0,622.3,0.0,622.3,9.8,9.8,16857.959999999985
1298,USOIL.cash,BUY,2025-11-19 03:15:00+00:00,2025-11-19 13:43:40+00:00,60.466,59.841,-6.25,-6.25,4.18.190,DEMO,OOS,0.0,0.1,0.1,DEMO_ACCOUNT,0.1,C:\Users\Leon\Desktop\QUANT\Data_Center\Data\2_Baseline\Trades\Backtest\DEMO_ACCOUNT\OOS\listOfTrades_USOIL.cash_54_4.18.190_BOTH_M15_OOS.csv,0.1,9.8,98.0,-612.5,0.0,-612.5,9.8,9.8,16245.459999999985
1300,USOIL.cash,BUY,2025-11-20 09:30:00+00:00,2025-11-20 17:23:00+00:00,59.442,60.077,6.35,6.35,4.18.190,DEMO,OOS,0.0,0.1,0.1,DEMO_ACCOUNT,0.1,C:\Users\Leon\Desktop\QUANT\Data_Center\Data\2_Baseline\Trades\Backtest\DEMO_ACCOUNT\OOS\listOfTrades_USOIL.cash_54_4.18.190_BOTH_M15_OOS.csv,0.1,9.8,98.0,622.3,0.0,622.3,9.8,9.8,16867.759999999984
1302,USOIL.cash,BUY,2025-11-21 04:15:00+00:00,2025-11-21 12:01:40+00:00,58.401,57.776,-6.25,-6.25,4.18.190,DEMO,OOS,0.0,0.1,0.1,DEMO_ACCOUNT,0.1,C:\Users\Leon\Desktop\QUANT\Data_Center\Data\2_Baseline\Trades\Backtest\DEMO_ACCOUNT\OOS\listOfTrades_USOIL.cash_54_4.18.190_BOTH_M15_OOS.csv,0.1,9.8,98.0,-612.5,0.0,-612.5,9.8,9.8,16255.259999999984
1304,USOIL.cash,BUY,2025-11-25 03:15:00+00:00,2025-11-25 14:42:40+00:00,58.888,58.263,-6.25,-6.25,4.18.190,DEMO,OOS,0.0,0.1,0.1,DEMO_ACCOUNT,0.1,C:\Users\Leon\Desktop\QUANT\Data_Center\Data\2_Baseline\Trades\Backtest\DEMO_ACCOUNT\OOS\listOfTrades_USOIL.cash_54_4.18.190_BOTH_M15_OOS.csv,0.1,9.8,98.0,-612.5,0.0,-612.5,9.8,9.8,15642.759999999984
1306,USOIL.cash,BUY,2025-11-28 16:00:00+00:00,2025-11-28 18:39:20+00:00,58.924,59.559,6.35,6.35,4.18.190,DEMO,OOS,0.0,0.1,0.1,DEMO_ACCOUNT,0.1,C:\Users\Leon\Desktop\QUANT\Data_Center\Data\2_Baseline\Trades\Backtest\DEMO_ACCOUNT\OOS\listOfTrades_USOIL.cash_54_4.18.190_BOTH_M15_OOS.csv,0.1,9.8,98.0,622.3,0.0,622.3,9.8,9.8,16265.059999999983
1308,USOIL.cash,BUY,2025-12-02 04:00:00+00:00,2025-12-02 16:37:40+00:00,59.435,58.81,-6.25,-6.25,4.18.190,DEMO,OOS,0.0,0.1,0.1,DEMO_ACCOUNT,0.1,C:\Users\Leon\Desktop\QUANT\Data_Center\Data\2_Baseline\Trades\Backtest\DEMO_ACCOUNT\OOS\listOfTrades_USOIL.cash_54_4.18.190_BOTH_M15_OOS.csv,0.1,9.8,98.0,-612.5,0.0,-612.5,9.8,9.8,15652.559999999983
1310,USOIL.cash,BUY,2025-12-03 03:45:00+00:00,2025-12-03 11:14:40+00:00,58.626,59.261,6.35,6.35,4.18.190,DEMO,OOS,0.0,0.1,0.1,DEMO_ACCOUNT,0.1,C:\Users\Leon\Desktop\QUANT\Data_Center\Data\2_Baseline\Trades\Backtest\DEMO_ACCOUNT\OOS\listOfTrades_USOIL.cash_54_4.18.190_BOTH_M15_OOS.csv,0.1,9.8,98.0,622.3,0.0,622.3,9.8,9.8,16274.859999999982
1312,USOIL.cash,BUY,2025-12-04 10:30:00+00:00,2025-12-04 18:31:40+00:00,59.219,59.854,6.35,6.35,4.18.190,DEMO,OOS,0.0,0.1,0.1,DEMO_ACCOUNT,0.1,C:\Users\Leon\Desktop\QUANT\Data_Center\Data\2_Baseline\Trades\Backtest\DEMO_ACCOUNT\OOS\listOfTrades_USOIL.cash_54_4.18.190_BOTH_M15_OOS.csv,0.1,9.8,98.0,622.3,0.0,622.3,9.8,9.8,16897.15999999998
1314,USOIL.cash,BUY,2025-12-05 04:15:30+00:00,2025-12-05 17:13:20+00:00,59.581,60.216,6.35,6.35,4.18.190,DEMO,OOS,0.0,0.1,0.1,DEMO_ACCOUNT,0.1,C:\Users\Leon\Desktop\QUANT\Data_Center\Data\2_Baseline\Trades\Backtest\DEMO_ACCOUNT\OOS\listOfTrades_USOIL.cash_54_4.18.190_BOTH_M15_OOS.csv,0.1,9.8,98.0,622.3,0.0,622.3,9.8,9.8,17519.45999999998
1316,USOIL.cash,BUY,2025-12-09 04:00:00+00:00,2025-12-09 17:32:40+00:00,58.813,58.188,-6.25,-6.25,4.18.190,DEMO,OOS,0.0,0.1,0.1,DEMO_ACCOUNT,0.1,C:\Users\Leon\Desktop\QUANT\Data_Center\Data\2_Baseline\Trades\Backtest\DEMO_ACCOUNT\OOS\listOfTrades_USOIL.cash_54_4.18.190_BOTH_M15_OOS.csv,0.1,9.8,98.0,-612.5,0.0,-612.5,9.8,9.8,16906.95999999998
1318,USOIL.cash,BUY,2025-12-10 05:16:30+00:00,2025-12-10 17:56:00+00:00,58.358,57.733,-6.25,-6.25,4.18.190,DEMO,OOS,0.0,0.1,0.1,DEMO_ACCOUNT,0.1,C:\Users\Leon\Desktop\QUANT\Data_Center\Data\2_Baseline\Trades\Backtest\DEMO_ACCOUNT\OOS\listOfTrades_USOIL.cash_54_4.18.190_BOTH_M15_OOS.csv,0.1,9.8,98.0,-612.5,0.0,-612.5,9.8,9.8,16294.459999999981
1320,USOIL.cash,BUY,2025-12-11 05:15:00+00:00,2025-12-11 10:19:40+00:00,58.553,57.928,-6.25,-6.25,4.18.190,DEMO,OOS,0.0,0.1,0.1,DEMO_ACCOUNT,0.1,C:\Users\Leon\Desktop\QUANT\Data_Center\Data\2_Baseline\Trades\Backtest\DEMO_ACCOUNT\OOS\listOfTrades_USOIL.cash_54_4.18.190_BOTH_M15_OOS.csv,0.1,9.8,98.0,-612.5,0.0,-612.5,9.8,9.8,15681.959999999981
1322,USOIL.cash,BUY,2025-12-12 08:45:00+00:00,2025-12-12 16:48:40+00:00,57.959,57.334,-6.25,-6.25,4.18.190,DEMO,OOS,0.0,0.1,0.1,DEMO_ACCOUNT,0.1,C:\Users\Leon\Desktop\QUANT\Data_Center\Data\2_Baseline\Trades\Backtest\DEMO_ACCOUNT\OOS\listOfTrades_USOIL.cash_54_4.18.190_BOTH_M15_OOS.csv,0.1,9.8,98.0,-612.5,0.0,-612.5,9.8,9.8,15069.459999999981
1324,USOIL.cash,BUY,2025-12-23 07:45:00+00:00,2025-12-23 21:31:40+00:00,57.878,58.513,6.35,6.35,4.18.190,DEMO,OOS,0.0,0.1,0.1,DEMO_ACCOUNT,0.1,C:\Users\Leon\Desktop\QUANT\Data_Center\Data\2_Baseline\Trades\Backtest\DEMO_ACCOUNT\OOS\listOfTrades_USOIL.cash_54_4.18.190_BOTH_M15_OOS.csv,0.1,9.8,98.0,622.3,0.0,622.3,9.8,9.8,15691.75999999998
1326,USOIL.cash,BUY,2025-12-24 03:30:00+00:00,2025-12-26 01:05:00+00:00,58.454,58.527,0.77,0.77,4.18.190,DEMO,OOS,0.0,0.1,0.1,DEMO_ACCOUNT,0.1,C:\Users\Leon\Desktop\QUANT\Data_Center\Data\2_Baseline\Trades\Backtest\DEMO_ACCOUNT\OOS\listOfTrades_USOIL.cash_54_4.18.190_BOTH_M15_OOS.csv,0.1,9.8,98.0,75.46000000000001,0.0,75.46000000000001,9.8,9.8,15767.21999999998
1328,USOIL.cash,BUY,2025-12-26 16:00:00+00:00,2025-12-26 17:57:40+00:00,58.108,57.483,-6.25,-6.25,4.18.190,DEMO,OOS,0.0,0.1,0.1,DEMO_ACCOUNT,0.1,C:\Users\Leon\Desktop\QUANT\Data_Center\Data\2_Baseline\Trades\Backtest\DEMO_ACCOUNT\OOS\listOfTrades_USOIL.cash_54_4.18.190_BOTH_M15_OOS.csv,0.1,9.8,98.0,-612.5,0.0,-612.5,9.8,9.8,15154.71999999998
1330,USOIL.cash,BUY,2025-12-30 18:30:00+00:00,2025-12-30 23:45:00+00:00,58.122,57.971,-1.51,-1.51,4.18.190,DEMO,OOS,0.0,0.1,0.1,DEMO_ACCOUNT,0.1,C:\Users\Leon\Desktop\QUANT\Data_Center\Data\2_Baseline\Trades\Backtest\DEMO_ACCOUNT\OOS\listOfTrades_USOIL.cash_54_4.18.190_BOTH_M15_OOS.csv,0.1,9.8,98.0,-147.98,0.0,-147.98,9.8,9.8,15006.73999999998
1332,USOIL.cash,BUY,2025-12-31 03:30:00+00:00,2025-12-31 15:41:20+00:00,57.943,58.578,6.35,6.35,4.18.190,DEMO,OOS,0.0,0.1,0.1,DEMO_ACCOUNT,0.1,C:\Users\Leon\Desktop\QUANT\Data_Center\Data\2_Baseline\Trades\Backtest\DEMO_ACCOUNT\OOS\listOfTrades_USOIL.cash_54_4.18.190_BOTH_M15_OOS.csv,0.1,9.8,98.0,622.3,0.0,622.3,9.8,9.8,15629.039999999979
1334,USOIL.cash,BUY,2026-01-02 10:45:00+00:00,2026-01-02 14:58:40+00:00,57.621,56.996,-6.25,-6.25,4.18.190,DEMO,OOS,0.0,0.1,0.1,DEMO_ACCOUNT,0.1,C:\Users\Leon\Desktop\QUANT\Data_Center\Data\2_Baseline\Trades\Backtest\DEMO_ACCOUNT\OOS\listOfTrades_USOIL.cash_54_4.18.190_BOTH_M15_OOS.csv,0.1,9.8,98.0,-612.5,0.0,-612.5,9.8,9.8,15016.539999999979
1336,USOIL.cash,BUY,2026-01-06 01:15:00+00:00,2026-01-06 15:46:40+00:00,58.175,58.81,6.35,6.35,4.18.190,DEMO,OOS,0.0,0.1,0.1,DEMO_ACCOUNT,0.1,C:\Users\Leon\Desktop\QUANT\Data_Center\Data\2_Baseline\Trades\Backtest\DEMO_ACCOUNT\OOS\listOfTrades_USOIL.cash_54_4.18.190_BOTH_M15_OOS.csv,0.1,9.8,98.0,622.3,0.0,622.3,9.8,9.8,15638.839999999978
1338,USOIL.cash,BUY,2026-01-07 02:00:00+00:00,2026-01-07 02:20:40+00:00,56.492,55.867,-6.25,-6.25,4.18.190,DEMO,OOS,0.0,0.1,0.1,DEMO_ACCOUNT,0.1,C:\Users\Leon\Desktop\QUANT\Data_Center\Data\2_Baseline\Trades\Backtest\DEMO_ACCOUNT\OOS\listOfTrades_USOIL.cash_54_4.18.190_BOTH_M15_OOS.csv,0.1,9.8,98.0,-612.5,0.0,-612.5,9.8,9.8,15026.339999999978
1340,USOIL.cash,BUY,2026-01-08 04:45:00+00:00,2026-01-08 13:37:40+00:00,56.232,56.867,6.35,6.35,4.18.190,DEMO,OOS,0.0,0.1,0.1,DEMO_ACCOUNT,0.1,C:\Users\Leon\Desktop\QUANT\Data_Center\Data\2_Baseline\Trades\Backtest\DEMO_ACCOUNT\OOS\listOfTrades_USOIL.cash_54_4.18.190_BOTH_M15_OOS.csv,0.1,9.8,98.0,622.3,0.0,622.3,9.8,9.8,15648.639999999978
1342,USOIL.cash,BUY,2026-01-09 11:30:00+00:00,2026-01-09 16:14:40+00:00,57.994,58.629,6.35,6.35,4.18.190,DEMO,OOS,0.0,0.1,0.1,DEMO_ACCOUNT,0.1,C:\Users\Leon\Desktop\QUANT\Data_Center\Data\2_Baseline\Trades\Backtest\DEMO_ACCOUNT\OOS\listOfTrades_USOIL.cash_54_4.18.190_BOTH_M15_OOS.csv,0.1,9.8,98.0,622.3,0.0,622.3,9.8,9.8,16270.939999999977
1344,USOIL.cash,BUY,2026-01-16 04:45:00+00:00,2026-01-16 11:13:40+00:00,59.078,59.713,6.35,6.35,4.18.190,DEMO,OOS,0.0,0.1,0.1,DEMO_ACCOUNT,0.1,C:\Users\Leon\Desktop\QUANT\Data_Center\Data\2_Baseline\Trades\Backtest\DEMO_ACCOUNT\OOS\listOfTrades_USOIL.cash_54_4.18.190_BOTH_M15_OOS.csv,0.1,9.8,98.0,622.3,0.0,622.3,9.8,9.8,16893.239999999976
1346,USOIL.cash,BUY,2026-01-20 09:30:00+00:00,2026-01-20 14:06:40+00:00,59.31,59.945,6.35,6.35,4.18.190,DEMO,OOS,0.0,0.1,0.1,DEMO_ACCOUNT,0.1,C:\Users\Leon\Desktop\QUANT\Data_Center\Data\2_Baseline\Trades\Backtest\DEMO_ACCOUNT\OOS\listOfTrades_USOIL.cash_54_4.18.190_BOTH_M15_OOS.csv,0.1,9.8,98.0,622.3,0.0,622.3,9.8,9.8,17515.539999999975
1348,USOIL.cash,BUY,2026-01-21 09:15:00+00:00,2026-01-21 13:23:40+00:00,59.772,60.407,6.35,6.35,4.18.190,DEMO,OOS,0.0,0.1,0.1,DEMO_ACCOUNT,0.1,C:\Users\Leon\Desktop\QUANT\Data_Center\Data\2_Baseline\Trades\Backtest\DEMO_ACCOUNT\OOS\listOfTrades_USOIL.cash_54_4.18.190_BOTH_M15_OOS.csv,0.1,9.8,98.0,622.3,0.0,622.3,9.8,9.8,18137.839999999975
1350,USOIL.cash,BUY,2026-01-22 01:45:00+00:00,2026-01-22 12:21:40+00:00,60.537,59.912,-6.25,-6.25,4.18.190,DEMO,OOS,0.0,0.1,0.1,DEMO_ACCOUNT,0.1,C:\Users\Leon\Desktop\QUANT\Data_Center\Data\2_Baseline\Trades\Backtest\DEMO_ACCOUNT\OOS\listOfTrades_USOIL.cash_54_4.18.190_BOTH_M15_OOS.csv,0.1,9.8,98.0,-612.5,0.0,-612.5,9.8,9.8,17525.339999999975
1352,USOIL.cash,BUY,2026-01-23 09:45:00+00:00,2026-01-23 12:37:40+00:00,59.744,60.379,6.35,6.35,4.18.190,DEMO,OOS,0.0,0.1,0.1,DEMO_ACCOUNT,0.1,C:\Users\Leon\Desktop\QUANT\Data_Center\Data\2_Baseline\Trades\Backtest\DEMO_ACCOUNT\OOS\listOfTrades_USOIL.cash_54_4.18.190_BOTH_M15_OOS.csv,0.1,9.8,98.0,622.3,0.0,622.3,9.8,9.8,18147.639999999974
1354,USOIL.cash,BUY,2026-01-27 03:30:00+00:00,2026-01-27 12:39:40+00:00,60.451,61.086,6.35,6.35,4.18.190,DEMO,OOS,0.0,0.1,0.1,DEMO_ACCOUNT,0.1,C:\Users\Leon\Desktop\QUANT\Data_Center\Data\2_Baseline\Trades\Backtest\DEMO_ACCOUNT\OOS\listOfTrades_USOIL.cash_54_4.18.190_BOTH_M15_OOS.csv,0.1,9.8,98.0,622.3,0.0,622.3,9.8,9.8,18769.939999999973
1356,USOIL.cash,BUY,2026-01-28 09:15:00+00:00,2026-01-28 15:49:40+00:00,62.657,63.292,6.35,6.35,4.18.190,DEMO,OOS,0.0,0.1,0.1,DEMO_ACCOUNT,0.1,C:\Users\Leon\Desktop\QUANT\Data_Center\Data\2_Baseline\Trades\Backtest\DEMO_ACCOUNT\OOS\listOfTrades_USOIL.cash_54_4.18.190_BOTH_M15_OOS.csv,0.1,9.8,98.0,622.3,0.0,622.3,9.8,9.8,19392.239999999972
1358,USOIL.cash,BUY,2026-02-03 04:30:00+00:00,2026-02-03 13:37:20+00:00,61.778,62.413,6.35,6.35,4.18.190,DEMO,OOS,0.0,0.1,0.1,DEMO_ACCOUNT,0.1,C:\Users\Leon\Desktop\QUANT\Data_Center\Data\2_Baseline\Trades\Backtest\DEMO_ACCOUNT\OOS\listOfTrades_USOIL.cash_54_4.18.190_BOTH_M15_OOS.csv,0.1,9.8,98.0,622.3,0.0,622.3,9.8,9.8,20014.53999999997
1360,USOIL.cash,BUY,2026-02-04 09:15:00+00:00,2026-02-04 10:52:40+00:00,63.669,63.044,-6.25,-6.25,4.18.190,DEMO,OOS,0.0,0.1,0.1,DEMO_ACCOUNT,0.1,C:\Users\Leon\Desktop\QUANT\Data_Center\Data\2_Baseline\Trades\Backtest\DEMO_ACCOUNT\OOS\listOfTrades_USOIL.cash_54_4.18.190_BOTH_M15_OOS.csv,0.1,9.8,98.0,-612.5,0.0,-612.5,9.8,9.8,19402.03999999997
1362,USOIL.cash,BUY,2026-02-05 04:00:00+00:00,2026-02-05 15:02:40+00:00,64.141,63.516,-6.25,-6.25,4.18.190,DEMO,OOS,0.0,0.1,0.1,DEMO_ACCOUNT,0.1,C:\Users\Leon\Desktop\QUANT\Data_Center\Data\2_Baseline\Trades\Backtest\DEMO_ACCOUNT\OOS\listOfTrades_USOIL.cash_54_4.18.190_BOTH_M15_OOS.csv,0.1,9.8,98.0,-612.5,0.0,-612.5,9.8,9.8,18789.53999999997
1364,USOIL.cash,BUY,2026-02-06 01:45:00+00:00,2026-02-06 04:30:40+00:00,62.908,63.543,6.35,6.35,4.18.190,DEMO,OOS,0.0,0.1,0.1,DEMO_ACCOUNT,0.1,C:\Users\Leon\Desktop\QUANT\Data_Center\Data\2_Baseline\Trades\Backtest\DEMO_ACCOUNT\OOS\listOfTrades_USOIL.cash_54_4.18.190_BOTH_M15_OOS.csv,0.1,9.8,98.0,622.3,0.0,622.3,9.8,9.8,19411.83999999997
1366,USOIL.cash,BUY,2026-02-10 03:15:00+00:00,2026-02-10 23:45:00+00:00,64.132,64.256,1.24,1.24,4.18.190,DEMO,OOS,0.0,0.1,0.1,DEMO_ACCOUNT,0.1,C:\Users\Leon\Desktop\QUANT\Data_Center\Data\2_Baseline\Trades\Backtest\DEMO_ACCOUNT\OOS\listOfTrades_USOIL.cash_54_4.18.190_BOTH_M15_OOS.csv,0.1,9.8,98.0,121.52,0.0,121.52,9.8,9.8,19533.35999999997
1368,USOIL.cash,BUY,2026-02-12 11:30:00+00:00,2026-02-12 17:32:40+00:00,64.455,63.83,-6.25,-6.25,4.18.190,DEMO,OOS,0.0,0.1,0.1,DEMO_ACCOUNT,0.1,C:\Users\Leon\Desktop\QUANT\Data_Center\Data\2_Baseline\Trades\Backtest\DEMO_ACCOUNT\OOS\listOfTrades_USOIL.cash_54_4.18.190_BOTH_M15_OOS.csv,0.1,9.8,98.0,-612.5,0.0,-612.5,9.8,9.8,18920.85999999997
1370,USOIL.cash,BUY,2026-02-13 04:45:00+00:00,2026-02-13 13:43:40+00:00,62.805,62.18,-6.25,-6.25,4.18.190,DEMO,OOS,0.0,0.1,0.1,DEMO_ACCOUNT,0.1,C:\Users\Leon\Desktop\QUANT\Data_Center\Data\2_Baseline\Trades\Backtest\DEMO_ACCOUNT\OOS\listOfTrades_USOIL.cash_54_4.18.190_BOTH_M15_OOS.csv,0.1,9.8,98.0,-612.5,0.0,-612.5,9.8,9.8,18308.35999999997
1372,USOIL.cash,BUY,2026-02-17 04:45:30+00:00,2026-02-17 10:52:40+00:00,63.6,62.975,-6.25,-6.25,4.18.190,DEMO,OOS,0.0,0.1,0.1,DEMO_ACCOUNT,0.1,C:\Users\Leon\Desktop\QUANT\Data_Center\Data\2_Baseline\Trades\Backtest\DEMO_ACCOUNT\OOS\listOfTrades_USOIL.cash_54_4.18.190_BOTH_M15_OOS.csv,0.1,9.8,98.0,-612.5,0.0,-612.5,9.8,9.8,17695.85999999997
1374,USOIL.cash,BUY,2026-02-26 04:45:00+00:00,2026-02-26 12:09:40+00:00,65.526,64.901,-6.25,-6.25,4.18.190,DEMO,OOS,0.0,0.1,0.1,DEMO_ACCOUNT,0.1,C:\Users\Leon\Desktop\QUANT\Data_Center\Data\2_Baseline\Trades\Backtest\DEMO_ACCOUNT\OOS\listOfTrades_USOIL.cash_54_4.18.190_BOTH_M15_OOS.csv,0.1,9.8,98.0,-612.5,0.0,-612.5,9.8,9.8,17083.35999999997
1376,USOIL.cash,BUY,2026-02-27 03:15:00+00:00,2026-02-27 07:33:40+00:00,65.06,65.695,6.35,6.35,4.18.190,DEMO,OOS,0.0,0.1,0.1,DEMO_ACCOUNT,0.1,C:\Users\Leon\Desktop\QUANT\Data_Center\Data\2_Baseline\Trades\Backtest\DEMO_ACCOUNT\OOS\listOfTrades_USOIL.cash_54_4.18.190_BOTH_M15_OOS.csv,0.1,9.8,98.0,622.3,0.0,622.3,9.8,9.8,17705.65999999997
1378,USOIL.cash,BUY,2026-03-12 10:15:00+00:00,2026-03-12 10:20:40+00:00,91.681,91.056,-6.25,-6.25,4.18.190,DEMO,OOS,0.0,0.1,0.1,DEMO_ACCOUNT,0.1,C:\Users\Leon\Desktop\QUANT\Data_Center\Data\2_Baseline\Trades\Backtest\DEMO_ACCOUNT\OOS\listOfTrades_USOIL.cash_54_4.18.190_BOTH_M15_OOS.csv,0.1,9.8,98.0,-612.5,0.0,-612.5,9.8,9.8,17093.15999999997
